unit_id,centroid_lat,centroid_lon,nearest_library,library_lat,library_lon,distance_km,time_min,method,village_name,district
67000150010,23.129612507691892,120.13175915819292,七股區圖書館,23.140338,120.139167,1.5517,20.683333333333337,osrm_walking,七股里,七股區
67000150022,23.113226891750237,120.0824333534421,七股區圖書館,23.140338,120.139167,8.0588,107.48,osrm_walking,三股里,七股區
67000150017,23.157271031641887,120.11580618447496,七股區圖書館,23.140338,120.139167,4.4594,59.46,osrm_walking,中寮里,七股區
67000150023,23.082965862867265,120.06489605807862,土城圖書館,23.066305,120.126709,11.6804,156.14333333333337,osrm_walking,十份里,七股區
67000150007,23.15320630429295,120.08201697010796,七股區圖書館,23.140338,120.139167,7.0069,93.49333333333334,osrm_walking,塩埕里,七股區
67000150012,23.14420761204032,120.14614977984884,七股區圖書館,23.140338,120.139167,0.9115,12.151666666666667,osrm_walking,大埕里,七股區
67000150002,23.18933376499485,120.13375519799212,將軍區圖書館,23.201284,120.160563,3.8009,50.681666666666665,osrm_walking,大潭里,七股區
67000150001,23.17805259106252,120.13871871452606,將軍區圖書館,23.201284,120.160563,4.3969,58.63,osrm_walking,後港里,七股區
67000150015,23.118272198074013,120.14757007638129,七股區圖書館,23.140338,120.139167,3.3266,44.35166666666667,osrm_walking,樹林里,七股區
67000150021,23.098621561475692,120.1269296418302,土城圖書館,23.066305,120.126709,4.9596,66.49166666666666,osrm_walking,永吉里,七股區
67000150009,23.12064718710274,120.11905664565728,七股區圖書館,23.140338,120.139167,3.5525,47.358333333333334,osrm_walking,溪南里,七股區
67000150011,23.142249975863443,120.12940563034672,七股區圖書館,23.140338,120.139167,1.2197,16.258333333333333,osrm_walking,玉成里,七股區
67000150018,23.10060036101675,120.16614059931722,西港區圖書館,23.123446,120.203326,5.5128,73.67666666666668,osrm_walking,竹橋里,七股區
67000150004,23.15841918200624,120.13664189007336,七股區圖書館,23.140338,120.139167,2.9,38.665,osrm_walking,篤加里,七股區
67000150019,23.10043677307645,120.14219148109083,土城圖書館,23.066305,120.126709,5.7522,77.09333333333333,osrm_walking,義合里,七股區
67000150006,23.178277086403813,120.08687150455478,七股區圖書館,23.140338,120.139167,8.423200000000001,112.375,osrm_walking,西寮里,七股區
67000150005,23.176168342294577,120.11504985982934,七股區圖書館,23.140338,120.139167,6.5223,86.96333333333334,osrm_walking,頂山里,七股區
67000150008,23.13098428502316,120.09559357974702,七股區圖書館,23.140338,120.139167,5.4009,72.01666666666667,osrm_walking,龍山里,七股區
67000080001,23.235315398175473,120.26252427294622,下營區圖書館,23.235261,120.264393,0.2583999999999999,3.48,osrm_walking,下營里,下營區
67000080002,23.224361939710633,120.25773307663265,下營區圖書館,23.235261,120.264393,1.5913,21.253333333333337,osrm_walking,仁里里,下營區
67000080017,23.231270190466603,120.24038166655768,下營區圖書館,23.235261,120.264393,2.8825,38.465,osrm_walking,大吉里,下營區
67000080003,23.240487998595757,120.2557466928517,下營區圖書館,23.235261,120.264393,1.5496,20.763333333333332,osrm_walking,宅內里,下營區
67000080004,23.24471921442985,120.2609710741406,下營區圖書館,23.235261,120.264393,1.3956,18.709999999999997,osrm_walking,後街里,下營區
67000080005,23.234561777002423,120.27420975565892,下營區圖書館,23.235261,120.264393,1.167,15.591666666666669,osrm_walking,新興里,下營區
67000080006,23.228757932964147,120.26623720078965,下營區圖書館,23.235261,120.264393,1.1285,15.046666666666663,osrm_walking,營前里,下營區
67000080018,23.250526745754716,120.27128469342604,下營區圖書館,23.235261,120.264393,2.1277,28.505,osrm_walking,紅甲里,下營區
67000080016,23.21791727449621,120.28277418327156,下營區圖書館,23.235261,120.264393,3.4743000000000004,46.32833333333333,osrm_walking,茅營里,下營區
67000080012,23.20993406294161,120.26051486624787,下營區圖書館,23.235261,120.264393,3.6925,49.30333333333333,osrm_walking,西連里,下營區
67000080013,23.250256987380627,120.28815130567016,下營區圖書館,23.235261,120.264393,3.4728000000000003,46.52833333333333,osrm_walking,賀建里,下營區
67000080011,23.20901995872143,120.27624176379018,下營區圖書館,23.235261,120.264393,4.113,54.91,osrm_walking,開化里,下營區
67000370043,22.997543072595423,120.19884758525794,中西區圖書館,22.992069,120.203801,1.0868,14.616666666666667,osrm_walking,五條港里,中西區
67000370025,23.004360802494823,120.18907890727876,市圖總館（公園總館）,23.004016,120.212445,2.8171,37.92833333333333,osrm_walking,光賢里,中西區
67000370044,23.00079834768028,120.19468367934056,中西區圖書館,22.992069,120.203801,1.8536,24.785,osrm_walking,兌悅里,中西區
67000370047,22.98928598220306,120.19387651517194,中西區圖書館,22.992069,120.203801,1.3527,18.105,osrm_walking,南廠里,中西區
67000370040,22.99306076234256,120.20098325380889,中西區圖書館,22.992069,120.203801,0.3973,5.333333333333333,osrm_walking,南美里,中西區
67000370041,22.98559623402839,120.20213743979711,中西區圖書館,22.992069,120.203801,0.911,12.216666666666669,osrm_walking,南門里,中西區
67000370039,22.99304291666709,120.20965549391332,中西區圖書館,22.992069,120.203801,0.7377,9.863333333333332,osrm_walking,城隍里,中西區
67000370031,22.992656881281764,120.18878564157365,中西區圖書館,22.992069,120.203801,1.7269,23.39333333333333,osrm_walking,大涼里,中西區
67000370042,22.98595863548516,120.1988724989732,中西區圖書館,22.992069,120.203801,1.0472,14.031666666666666,osrm_walking,小西門里,中西區
67000370046,22.992190490822097,120.19467575386444,中西區圖書館,22.992069,120.203801,1.1122,15.065,osrm_walking,府前里,中西區
67000370016,22.990854223604355,120.20529200409509,中西區圖書館,22.992069,120.203801,0.3233999999999999,4.308333333333334,osrm_walking,永華里,中西區
67000370009,22.98249958783527,120.20910348715944,中西區圖書館,22.992069,120.203801,1.5636,21.081666666666667,osrm_walking,法華里,中西區
67000370045,22.995194904332735,120.19392983809207,中西區圖書館,22.992069,120.203801,1.1962000000000002,16.08833333333333,osrm_walking,淺草里,中西區
67000370022,22.997856152976045,120.19375605017032,中西區圖書館,22.992069,120.203801,1.5682,21.016666666666666,osrm_walking,藥王里,中西區
67000370048,23.00050042011324,120.189693219167,中西區圖書館,22.992069,120.203801,2.0967,28.131666666666668,osrm_walking,西和里,中西區
67000370033,23.002446595687537,120.18358477775736,安平區圖書館,22.994821,120.168056,2.606,34.916666666666664,osrm_walking,西湖里,中西區
67000370034,23.00314149364364,120.17275157673537,安平區圖書館,22.994821,120.168056,1.4276,19.366666666666667,osrm_walking,西賢里,中西區
67000370005,22.996362626547494,120.20527501042632,中西區圖書館,22.992069,120.203801,0.6211,8.28,osrm_walking,赤嵌里,中西區
67000370007,22.98541539833728,120.20672411838297,中西區圖書館,22.992069,120.203801,1.1265999999999998,15.055,osrm_walking,郡王里,中西區
67000370011,22.988200155027933,120.20989945837664,中西區圖書館,22.992069,120.203801,0.9108,12.236666666666668,osrm_walking,開山里,中西區
67000270003,22.977363202128934,120.2602649282724,仁德區圖書館,22.972232,120.253105,1.3217,17.65666666666667,osrm_walking,一甲里,仁德區
67000270008,22.936468614030648,120.25919509500238,仁德區圖書館,22.972232,120.253105,4.4974,60.54333333333333,osrm_walking,上崙里,仁德區
67000270017,22.909460304973106,120.25126220708894,仁德區圖書館,22.972232,120.253105,9.0348,120.59666666666666,osrm_walking,中洲里,仁德區
67000270015,22.919636357508654,120.2212968140428,喜樹圖書館,22.940384,120.17836,6.3331,84.77,osrm_walking,二行里,仁德區
67000270013,22.95911452710533,120.2234797535037,林森圖書館,22.986591,120.223125,4.1326,55.235,osrm_walking,仁和里,仁德區
67000270004,22.967857816916037,120.24502362738552,仁德區圖書館,22.972232,120.253105,1.1454000000000002,15.441666666666666,osrm_walking,仁德里,仁德區
67000270014,22.95122640274464,120.21966702530514,林森圖書館,22.986591,120.223125,4.787100000000001,64.20166666666667,osrm_walking,仁愛里,仁德區
67000270005,22.96755829546908,120.26034669270224,仁德區圖書館,22.972232,120.253105,1.2429,16.603333333333335,osrm_walking,仁義里,仁德區
67000270011,22.92335201207615,120.23823021308048,仁德區圖書館,22.972232,120.253105,6.8493,91.38333333333334,osrm_walking,保安里,仁德區
67000270002,22.98489185990444,120.26227162620889,仁德區圖書館,22.972232,120.253105,2.5581,34.175,osrm_walking,土庫里,仁德區
67000270016,22.921876348799103,120.20800447579008,喜樹圖書館,22.940384,120.17836,4.9235,66.17166666666667,osrm_walking,大甲里,仁德區
67000270001,22.99102128965278,120.26113691916468,裕文圖書館,22.98206,120.245317,2.5838,34.916666666666664,osrm_walking,太子里,仁德區
67000270007,22.949662455723367,120.24643550643744,仁德區圖書館,22.972232,120.253105,2.9838,40.29,osrm_walking,後壁里,仁德區
67000270012,22.94221365390853,120.22183432094936,喜樹圖書館,22.940384,120.17836,6.2492,83.85833333333333,osrm_walking,成功里,仁德區
67000270019,22.934011749673463,120.24085388062328,仁德區圖書館,22.972232,120.253105,5.5891,74.55166666666668,osrm_walking,文賢里,仁德區
67000270006,22.955827129662644,120.26188715786031,仁德區圖書館,22.972232,120.253105,2.3914,32.15,osrm_walking,新田里,仁德區
67000120025,23.17206573144556,120.1528895471915,佳里區圖書館,23.168818,120.177358,2.8764000000000003,38.45666666666667,osrm_walking,下營里,佳里區
67000120007,23.189939711923472,120.19840670273337,蕭壠兒童圖書館,23.172751,120.17791,3.7213,49.675,osrm_walking,佳化里,佳里區
67000120024,23.18936245086193,120.18117977256206,蕭壠兒童圖書館,23.172751,120.17791,2.5726,34.394999999999996,osrm_walking,佳興里,佳里區
67000120006,23.171804221633153,120.18070528063808,蕭壠兒童圖書館,23.172751,120.17791,0.5428,7.333333333333333,osrm_walking,六安里,佳里區
67000120027,23.149238123398565,120.1719251986781,佳里區圖書館,23.168818,120.177358,2.6174,35.36333333333334,osrm_walking,南勢里,佳里區
67000120026,23.13455211243126,120.16321792935386,七股區圖書館,23.140338,120.139167,3.4701,46.263333333333335,osrm_walking,塭內里,佳里區
67000120020,23.17411939184048,120.2068053265955,佳里區圖書館,23.168818,120.177358,3.8637,51.555,osrm_walking,子龍里,佳里區
67000120005,23.166560740262312,120.16537962907586,佳里區圖書館,23.168818,120.177358,1.323,17.67,osrm_walking,安西里,佳里區
67000120004,23.156551623370408,120.1746257691088,佳里區圖書館,23.168818,120.177358,1.6703,22.505,osrm_walking,建南里,佳里區
67000120002,23.15854600520179,120.18511185658038,佳里區圖書館,23.168818,120.177358,1.7497,23.465,osrm_walking,忠仁里,佳里區
67000120023,23.159875033572305,120.16347187204948,佳里區圖書館,23.168818,120.177358,2.1255,28.41,osrm_walking,文新里,佳里區
67000120001,23.1626974913335,120.18088420188909,佳里區圖書館,23.168818,120.177358,0.9768,13.091666666666669,osrm_walking,東寧里,佳里區
67000120019,23.17201678721683,120.19276092070166,蕭壠兒童圖書館,23.172751,120.17791,2.4432,32.64,osrm_walking,民安里,佳里區
67000120012,23.17985850236388,120.16548951982833,佳里區圖書館,23.168818,120.177358,2.3981999999999997,31.978333333333335,osrm_walking,海澄里,佳里區
67000120022,23.20237514676558,120.18589010748616,將軍區圖書館,23.201284,120.160563,3.2529,43.37,osrm_walking,營溪里,佳里區
67000120003,23.15034839109541,120.18553950350103,佳里區圖書館,23.168818,120.177358,2.6195999999999997,35.1,osrm_walking,鎮山里,佳里區
67000090005,23.219490392691768,120.34951310818064,六甲區圖書館,23.231847,120.347466,1.8314,24.58833333333333,osrm_walking,七甲里,六甲區
67000090008,23.239298888316355,120.3243881539034,六甲區圖書館,23.231847,120.347466,2.9453,39.275,osrm_walking,中社里,六甲區
67000090006,23.229488686181803,120.34060507655344,六甲區圖書館,23.231847,120.347466,1.0779,14.408333333333331,osrm_walking,二甲里,六甲區
67000090001,23.22938143746051,120.350903849233,六甲區圖書館,23.231847,120.347466,0.5899,7.968333333333334,osrm_walking,六甲里,六甲區
67000090012,23.21753039786257,120.44136151776766,楠西區圖書館,23.172789,120.487278,10.2731,137.215,osrm_walking,大丘里,六甲區
67000090007,23.24605833763457,120.34187517275656,六甲區圖書館,23.231847,120.347466,2.0543,27.391666666666666,osrm_walking,水林里,六甲區
67000090011,23.219374012897973,120.39180304761076,六甲區圖書館,23.231847,120.347466,8.6645,115.69666666666669,osrm_walking,王爺里,六甲區
67000090003,23.224375580444587,120.35310938022272,六甲區圖書館,23.231847,120.347466,1.2469,16.825,osrm_walking,甲南里,六甲區
67000090002,23.230411527005923,120.36238183915044,六甲區圖書館,23.231847,120.347466,1.8703,25.078333333333333,osrm_walking,甲東里,六甲區
67000090010,23.235497845518125,120.30074835144464,下營區圖書館,23.235261,120.264393,4.3025,57.395,osrm_walking,菁埔里,六甲區
67000090009,23.254453061558436,120.31219821446903,柳營區圖書館,23.27839,120.311527,2.6963000000000004,36.086666666666666,osrm_walking,龜港里,六甲區
67000340032,23.003583616906894,120.2166116555828,市圖總館（公園總館）,23.004016,120.212445,0.471,6.278333333333333,osrm_walking,中樓里,北區
67000340008,23.0031312984579,120.22130398719985,市圖總館（公園總館）,23.004016,120.212445,0.9555,12.766666666666667,osrm_walking,仁愛里,北區
67000340038,23.011736979999743,120.22424260676524,市圖總館（公園總館）,23.004016,120.212445,1.9713,26.41,osrm_walking,元寶里,北區
67000340056,23.013070418626555,120.19700713718956,市圖總館（公園總館）,23.004016,120.212445,2.3249,31.298333333333336,osrm_walking,元美里,北區
67000340033,23.000749210672367,120.21091850011388,市圖總館（公園總館）,23.004016,120.212445,0.6096,8.131666666666666,osrm_walking,公園里,北區
67000340005,23.00658147076103,120.22872310805812,市圖總館（公園總館）,23.004016,120.212445,2.1355999999999997,28.575,osrm_walking,力行里,北區
67000340051,23.00023567657055,120.2050620278406,市圖總館（公園總館）,23.004016,120.212445,1.033,13.843333333333334,osrm_walking,北華里,北區
67000340046,23.015639837036947,120.2162643454084,市圖總館（公園總館）,23.004016,120.212445,1.5832,21.290000000000003,osrm_walking,北門里,北區
67000340045,23.008885075809168,120.22601731682462,市圖總館（公園總館）,23.004016,120.212445,1.8552,24.831666666666667,osrm_walking,合興里,北區
67000340020,23.005377797391645,120.20245334052244,市圖總館（公園總館）,23.004016,120.212445,1.2621,17.06,osrm_walking,和順里,北區
67000340048,23.011420307400925,120.21496130571104,市圖總館（公園總館）,23.004016,120.212445,1.0772,14.5,osrm_walking,大光里,北區
67000340042,23.015357389733104,120.19134507357924,市圖總館（公園總館）,23.004016,120.212445,3.175,42.63666666666666,osrm_walking,大和里,北區
67000340026,23.011313056595338,120.18334752091496,安平區圖書館,22.994821,120.168056,3.2962,44.285,osrm_walking,大港里,北區
67000340049,23.007369911851956,120.21281483898558,市圖總館（公園總館）,23.004016,120.212445,0.6531,8.708333333333334,osrm_walking,大興里,北區
67000340018,23.0087459671973,120.19038051180608,市圖總館（公園總館）,23.004016,120.212445,2.7925999999999997,37.53666666666666,osrm_walking,大豐里,北區
67000340047,23.009536211697657,120.2091010726421,市圖總館（公園總館）,23.004016,120.212445,0.8519,11.491666666666667,osrm_walking,小北里,北區
67000340024,23.020067878923495,120.20944207415856,市圖總館（公園總館）,23.004016,120.212445,2.3283,31.545,osrm_walking,成功里,北區
67000340040,23.009732023963757,120.20415568509424,市圖總館（公園總館）,23.004016,120.212445,1.2931,17.438333333333333,osrm_walking,成德里,北區
67000340007,23.006416487149608,120.22198135306236,市圖總館（公園總館）,23.004016,120.212445,1.3404,17.96833333333333,osrm_walking,振興里,北區
67000340025,23.018250657141003,120.19661393395089,市圖總館（公園總館）,23.004016,120.212445,3.0548,41.395,osrm_walking,文元里,北區
67000340041,23.00780939247526,120.19666459751026,市圖總館（公園總館）,23.004016,120.212445,2.1528,28.971666666666668,osrm_walking,文成里,北區
67000340004,23.000754165452143,120.22768339947768,市圖總館（公園總館）,23.004016,120.212445,1.808,24.131666666666668,osrm_walking,東興里,北區
67000340023,23.01646093876912,120.2127286255794,市圖總館（公園總館）,23.004016,120.212445,1.6454000000000002,22.375,osrm_walking,正覺里,北區
67000340039,23.016357311603738,120.2203940255786,市圖總館（公園總館）,23.004016,120.212445,1.8641,25.033333333333335,osrm_walking,永祥里,北區
67000340053,23.01436249431856,120.20511634826454,市圖總館（公園總館）,23.004016,120.212445,1.6830999999999998,22.776666666666664,osrm_walking,福德里,北區
67000340054,23.001887512560824,120.19960804082856,中西區圖書館,22.992069,120.203801,1.641,22.076666666666664,osrm_walking,立人里,北區
67000340052,23.019264917981253,120.20364485879897,市圖總館（公園總館）,23.004016,120.212445,2.4304,32.84166666666667,osrm_walking,華德里,北區
67000340043,23.007160636563643,120.18166090575288,安平區圖書館,22.994821,120.168056,2.6873,36.165,osrm_walking,賢北里,北區
67000340019,23.003962992596453,120.22666781668464,市圖總館（公園總館）,23.004016,120.212445,1.6349,21.83,osrm_walking,重興里,北區
67000340044,23.00868906298774,120.21833368822108,市圖總館（公園總館）,23.004016,120.212445,0.9394,12.588333333333331,osrm_walking,長勝里,北區
67000340050,23.003810385750928,120.20749131695972,市圖總館（公園總館）,23.004016,120.212445,0.6956,9.305,osrm_walking,長興里,北區
67000340001,23.012607382512144,120.22209167724282,市圖總館（公園總館）,23.004016,120.212445,1.7328,23.28666666666667,osrm_walking,開元里,北區
67000340055,23.00458035556364,120.1974757726945,市圖總館（公園總館）,23.004016,120.212445,1.8824,25.296666666666667,osrm_walking,雙安里,北區
67000170007,23.23172914898664,120.10797804632448,北門區圖書館,23.270354,120.124891,4.9911,66.55,osrm_walking,三光里,北門區
67000170001,23.28630616843378,120.11875538778364,北門區圖書館,23.270354,120.124891,3.2204,42.940000000000005,osrm_walking,保吉里,北門區
67000170005,23.264825427212443,120.11355232125256,北門區圖書館,23.270354,120.124891,1.7533,23.376666666666665,osrm_walking,北門里,北門區
67000170011,23.245697234816628,120.10261811262907,北門區圖書館,23.270354,120.124891,4.7373,63.17166666666667,osrm_walking,慈安里,北門區
67000170015,23.240140079344627,120.1308234202833,北門區圖書館,23.270354,120.124891,3.863,51.541666666666664,osrm_walking,文山里,北門區
67000170013,23.275446341960095,120.11419692748174,北門區圖書館,23.270354,120.124891,1.237,16.493333333333332,osrm_walking,永隆里,北門區
67000170009,23.26536345260464,120.1409391223649,北門區圖書館,23.270354,120.124891,2.2411999999999996,29.883333333333333,osrm_walking,玉港里,北門區
67000170014,23.288778525718445,120.13990858272928,北門區圖書館,23.270354,120.124891,3.11,41.6,osrm_walking,蚵寮里,北門區
67000170006,23.29510499609145,120.1654929081399,北門區圖書館,23.270354,120.124891,6.9911,93.445,osrm_walking,錦湖里,北門區
67000170002,23.31293468326421,120.1271020724362,北門區圖書館,23.270354,120.124891,7.0386999999999995,94.05166666666668,osrm_walking,雙春里,北門區
67000250003,23.05332932888258,120.45214822029028,南化區圖書館,23.045724,120.480301,3.8709,51.68666666666666,osrm_walking,中坑里,南化區
67000250007,23.075573801180685,120.497067662587,南化區圖書館,23.045724,120.480301,5.5388,73.91333333333334,osrm_walking,北寮里,南化區
67000250004,23.06865463627714,120.45806835446524,南化區圖書館,23.045724,120.480301,5.4906999999999995,73.27666666666667,osrm_walking,北平里,南化區
67000250001,23.041374700768568,120.48197392828077,南化區圖書館,23.045724,120.480301,0.8583999999999999,11.451666666666666,osrm_walking,南化里,南化區
67000250002,23.05218808570284,120.49603462297893,南化區圖書館,23.045724,120.480301,2.0157,26.96833333333333,osrm_walking,小崙里,南化區
67000250005,23.019612920488697,120.47723371862487,南化區圖書館,23.045724,120.480301,3.6536,48.75,osrm_walking,東和里,南化區
67000250008,23.08634219725331,120.5372207191864,南化區圖書館,23.045724,120.480301,9.6163,128.31666666666666,osrm_walking,玉山里,南化區
67000250006,23.03147203897416,120.45446671690944,南化區圖書館,23.045724,120.480301,4.3106,57.51,osrm_walking,西埔里,南化區
67000250009,23.172536769914313,120.5945073861524,南化區圖書館,23.045724,120.480301,34.789,464.07166666666666,osrm_walking,關山里,南化區
67000330020,22.918746952863764,120.17854030640072,喜樹圖書館,22.940384,120.17836,2.8867,38.59166666666667,osrm_walking,佛壇里,南區
67000330011,22.972328998256337,120.1869362984609,鹽埕圖書館,22.967195,120.187566,0.749,9.986666666666668,osrm_walking,光明里,南區
67000330025,22.979442204324705,120.19251382310426,鹽埕圖書館,22.967195,120.187566,1.6683,22.438333333333333,osrm_walking,再興里,南區
67000330039,22.96249320410346,120.18690804503936,鹽埕圖書館,22.967195,120.187566,0.8149,10.901666666666667,osrm_walking,南華里,南區
67000330029,22.956372265637793,120.18451105536889,鹽埕圖書館,22.967195,120.187566,1.5683,21.045,osrm_walking,南都里,南區
67000330019,22.923155829789387,120.18816580827658,喜樹圖書館,22.940384,120.17836,2.6225,35.19666666666667,osrm_walking,同安里,南區
67000330015,22.947952697782316,120.17653893636536,喜樹圖書館,22.940384,120.17836,1.1243,15.056666666666668,osrm_walking,喜北里,南區
67000330016,22.938714778885483,120.17703501900952,喜樹圖書館,22.940384,120.17836,0.459,6.114999999999999,osrm_walking,喜南里,南區
67000330014,22.944474275544373,120.19003097741458,喜樹圖書館,22.940384,120.17836,1.5455,20.68,osrm_walking,喜東里,南區
67000330009,22.976221394060097,120.18729700990168,鹽埕圖書館,22.967195,120.187566,1.1803,15.775,osrm_walking,國宅里,南區
67000330022,22.970364128068688,120.21016663036136,林森圖書館,22.986591,120.223125,2.8343000000000003,37.82666666666667,osrm_walking,大忠里,南區
67000330023,22.956520030058503,120.20900162386178,林森圖書館,22.986591,120.223125,5.3211,71.315,osrm_walking,大恩里,南區
67000330004,22.977901047916973,120.1990705424356,中西區圖書館,22.992069,120.203801,1.9554,26.40666666666667,osrm_walking,大成里,南區
67000330021,22.972104978280697,120.20671515808787,中西區圖書館,22.992069,120.203801,2.509,33.985,osrm_walking,大林里,南區
67000330034,22.971982856818745,120.19506916566436,鹽埕圖書館,22.967195,120.187566,1.16,15.536666666666669,osrm_walking,府南里,南區
67000330005,22.98476570678363,120.1934711300364,中西區圖書館,22.992069,120.203801,1.7844,23.89333333333333,osrm_walking,廣州里,南區
67000330032,22.95614236461534,120.19405968188993,鹽埕圖書館,22.967195,120.187566,2.1274,28.533333333333335,osrm_walking,建南里,南區
67000330031,22.972147477066443,120.17822680461076,鹽埕圖書館,22.967195,120.187566,1.6014000000000002,21.453333333333333,osrm_walking,彰南里,南區
67000330035,22.983310955018055,120.1870010774716,鹽埕圖書館,22.967195,120.187566,2.2247,29.833333333333332,osrm_walking,文南里,南區
67000330027,22.986576589688884,120.18963766028617,中西區圖書館,22.992069,120.203801,2.0798,27.833333333333332,osrm_walking,文華里,南區
67000330006,22.984915446813023,120.19639533448397,中西區圖書館,22.992069,120.203801,1.5124000000000002,20.295,osrm_walking,新昌里,南區
67000330024,22.977420345662765,120.21086987964524,林森圖書館,22.986591,120.223125,2.0234,27.011666666666667,osrm_walking,新生里,南區
67000330007,22.97982163409148,120.19506995457976,鹽埕圖書館,22.967195,120.187566,1.8069,24.35666666666667,osrm_walking,新興里,南區
67000330013,22.969388241396533,120.19244654140724,鹽埕圖書館,22.967195,120.187566,0.7667999999999999,10.323333333333332,osrm_walking,明亮里,南區
67000330003,22.972586564303317,120.20087722486004,鹽埕圖書館,22.967195,120.187566,1.9556,26.313333333333333,osrm_walking,明德里,南區
67000330026,22.96410813382688,120.19103596287049,鹽埕圖書館,22.967195,120.187566,0.5921000000000001,7.963333333333334,osrm_walking,明興里,南區
67000330037,22.924510849425108,120.17845938477384,喜樹圖書館,22.940384,120.17836,2.1415,28.653333333333332,osrm_walking,松安里,南區
67000330038,22.928030146912203,120.17918061110215,喜樹圖書館,22.940384,120.17836,1.6903,22.641666666666666,osrm_walking,永寧里,南區
67000330008,22.9766526185528,120.19529410579985,鹽埕圖書館,22.967195,120.187566,1.6305,21.871666666666663,osrm_walking,田寮里,南區
67000330017,22.934618299722263,120.1876785895431,喜樹圖書館,22.940384,120.17836,1.453,19.543333333333333,osrm_walking,省躬里,南區
67000330001,22.978463774907887,120.20666255821756,中西區圖書館,22.992069,120.203801,1.9865,26.615,osrm_walking,竹溪里,南區
67000330018,22.929604358516578,120.19065760734796,喜樹圖書館,22.940384,120.17836,2.1898,29.5,osrm_walking,興農里,南區
67000330033,22.964800296672166,120.1951043010084,鹽埕圖書館,22.967195,120.187566,1.0388,13.92,osrm_walking,郡南里,南區
67000330028,22.979841328826016,120.1882737943222,鹽埕圖書館,22.967195,120.187566,1.5934,21.31833333333333,osrm_walking,金華里,南區
67000330030,22.966380967134093,120.18557227191047,鹽埕圖書館,22.967195,120.187566,0.3188999999999999,4.285,osrm_walking,開南里,南區
67000330036,22.962048290116368,120.17131070682215,鹽埕圖書館,22.967195,120.187566,2.5751,34.336666666666666,osrm_walking,鯤鯓里,南區
67000330040,22.969379215165816,120.18893209152333,鹽埕圖書館,22.967195,120.187566,0.3661999999999999,4.915,osrm_walking,鹽埕里,南區
67000190011,23.144070678640514,120.28128085276126,善化區圖書館,23.132187,120.291606,1.9284,25.976666666666667,osrm_walking,什乃里,善化區
67000190003,23.139052658444033,120.30405275362334,善化區圖書館,23.132187,120.291606,2.2444,30.321666666666665,osrm_walking,光文里,善化區
67000190013,23.162788570914433,120.28640858697425,善化區圖書館,23.132187,120.291606,4.695399999999999,62.705000000000005,osrm_walking,六分里,善化區
67000190014,23.16555581135008,120.30244364881818,善化區圖書館,23.132187,120.291606,4.4379,59.281666666666666,osrm_walking,六德里,善化區
67000190005,23.117171885528755,120.27676956205828,善化區圖書館,23.132187,120.291606,2.6151,34.965,osrm_walking,南關里,善化區
67000190019,23.144933631728644,120.33600732674056,大內區圖書館,23.118915,120.357282,5.272,70.355,osrm_walking,嘉北里,善化區
67000190020,23.124798800606413,120.32892703443692,大內區圖書館,23.118915,120.357282,3.0193000000000003,40.38666666666666,osrm_walking,嘉南里,善化區
67000190002,23.12288951843892,120.30017139935808,善化區圖書館,23.132187,120.291606,1.7185,23.013333333333332,osrm_walking,坐駕里,善化區
67000190021,23.121160877869507,120.31630876860656,善化區圖書館,23.132187,120.291606,3.1515999999999997,42.12166666666667,osrm_walking,小新里,善化區
67000190004,23.117148767507572,120.29338814960592,善化區圖書館,23.132187,120.291606,1.9717,26.51833333333333,osrm_walking,文昌里,善化區
67000190008,23.135558350352863,120.28136134859578,善化區圖書館,23.132187,120.291606,1.1859000000000002,16.016666666666666,osrm_walking,文正里,善化區
67000190023,23.15821647454767,120.32077552166189,善化區圖書館,23.132187,120.291606,4.9506000000000006,66.40333333333334,osrm_walking,昌隆里,善化區
67000190001,23.136632557360716,120.29198078172423,善化區圖書館,23.132187,120.291606,0.8026,10.833333333333334,osrm_walking,東關里,善化區
67000190012,23.155097027346805,120.279054345332,善化區圖書館,23.132187,120.291606,3.3953,45.538333333333334,osrm_walking,溪美里,善化區
67000190018,23.141658867581945,120.31810127109812,善化區圖書館,23.132187,120.291606,3.4956,47.00333333333333,osrm_walking,牛庄里,善化區
67000190015,23.15115920638159,120.30526841854814,善化區圖書館,23.132187,120.291606,2.9658,39.64833333333333,osrm_walking,田寮里,善化區
67000190010,23.13591290852787,120.26639685582325,善化區圖書館,23.132187,120.291606,3.0634,41.14833333333333,osrm_walking,胡厝里,善化區
67000190009,23.150216120421753,120.26988352861692,善化區圖書館,23.132187,120.291606,3.478,46.57166666666667,osrm_walking,胡家里,善化區
67000190024,23.11393464949572,120.30673157536854,善化區圖書館,23.132187,120.291606,3.4166,45.68333333333333,osrm_walking,蓮潭里,善化區
67000190022,23.12988790768004,120.27944447351209,善化區圖書館,23.132187,120.291606,1.6245,21.691666666666663,osrm_walking,頂街里,善化區
67000110009,23.12688944161058,120.41403364286808,大內區圖書館,23.118915,120.357282,7.6616,102.225,osrm_walking,二溪里,大內區
67000110004,23.10926110451873,120.36572220685318,大內區圖書館,23.118915,120.357282,1.5672,20.89333333333333,osrm_walking,內江里,大內區
67000110006,23.11988894537274,120.3760794303266,大內區圖書館,23.118915,120.357282,2.3986,32.015,osrm_walking,內郭里,大內區
67000110005,23.121498274786433,120.36247787654554,大內區圖書館,23.118915,120.357282,1.0888,14.546666666666663,osrm_walking,大內里,大內區
67000110010,23.11793049402191,120.39008318729051,大內區圖書館,23.118915,120.357282,3.6096,48.195,osrm_walking,曲溪里,大內區
67000110008,23.169540051553337,120.4269357657316,大內區圖書館,23.118915,120.357282,12.4795,166.415,osrm_walking,環湖里,大內區
67000110003,23.12009921419568,120.353367579981,大內區圖書館,23.118915,120.357282,0.5498999999999999,7.328333333333333,osrm_walking,石城里,大內區
67000110002,23.133643771086767,120.3666048877732,大內區圖書館,23.118915,120.357282,4.9592,66.155,osrm_walking,石林里,大內區
67000110001,23.139700640554324,120.35466225448236,大內區圖書館,23.118915,120.357282,2.7668000000000004,36.91833333333333,osrm_walking,石湖里,大內區
67000110007,23.151356204918983,120.38624837335098,大內區圖書館,23.118915,120.357282,6.4815,86.45,osrm_walking,頭社里,大內區
67000130012,23.28213609495752,120.19264919379428,學甲區圖書館,23.230277,120.181923,7.474,99.88,osrm_walking,三慶里,學甲區
67000130013,23.24389437933133,120.14933991237493,學甲區圖書館,23.230277,120.181923,4.7105,62.86666666666667,osrm_walking,中洲里,學甲區
67000130001,23.230354323904248,120.17537199128296,學甲區圖書館,23.230277,120.181923,0.8479,11.34,osrm_walking,仁得里,學甲區
67000130003,23.26616285281967,120.15795615779884,北門區圖書館,23.270354,120.124891,4.139,55.276666666666664,osrm_walking,光華里,學甲區
67000130011,23.21473244985151,120.18503610842286,學甲區圖書館,23.230277,120.181923,2.2762,30.42,osrm_walking,大灣里,學甲區
67000130004,23.259715677948353,120.19014491055565,學甲區圖書館,23.230277,120.181923,4.398899999999999,58.88,osrm_walking,宅港里,學甲區
67000130009,23.25299800356613,120.21810002804044,學甲區圖書館,23.230277,120.181923,5.5739,74.52,osrm_walking,平和里,學甲區
67000130005,23.231678637648415,120.18456068329218,學甲區圖書館,23.230277,120.181923,0.4301,5.7683333333333335,osrm_walking,慈福里,學甲區
67000130002,23.223951775186706,120.18315800701684,學甲區圖書館,23.230277,120.181923,0.9696,12.998333333333331,osrm_walking,新榮里,學甲區
67000130010,23.238593984902053,120.20548685298512,學甲區圖書館,23.230277,120.181923,2.856,38.21333333333334,osrm_walking,新達里,學甲區
67000130007,23.235206841449024,120.17791004958548,學甲區圖書館,23.230277,120.181923,0.953,12.803333333333336,osrm_walking,明宜里,學甲區
67000130006,23.248565719116197,120.17697694274698,學甲區圖書館,23.230277,120.181923,2.4998,33.458333333333336,osrm_walking,秀昌里,學甲區
67000130008,23.22199283513596,120.20104761861498,學甲區圖書館,23.230277,120.181923,2.6447,35.42833333333333,osrm_walking,豐和里,學甲區
67000350003,23.071010093836485,120.22283812783174,台江文化中心圖書館,23.045984,120.188233,5.5843,75.055,osrm_walking,[塭]南里,安南區
67000350022,23.071408055375763,120.18333886802418,安南圖書館,23.047222,120.18481,3.5438,47.915,osrm_walking,佃東里,安南區
67000350023,23.07102023161752,120.17005272667812,安南圖書館,23.047222,120.18481,4.2983,57.973333333333336,osrm_walking,佃西里,安南區
67000350024,23.0660713424134,120.15993538253636,土城圖書館,23.066305,120.126709,3.7921,50.72833333333333,osrm_walking,公[塭]里,安南區
67000350014,23.07628664143274,120.19863690167922,安南圖書館,23.047222,120.18481,4.0726,54.465,osrm_walking,公親里,安南區
67000350025,23.07461924130784,120.15390610277947,土城圖書館,23.066305,120.126709,3.8913,52.016666666666666,osrm_walking,南興里,安南區
67000350011,23.05162854079147,120.19518100776476,台江文化中心圖書館,23.045984,120.188233,1.1623,15.563333333333333,osrm_walking,原佃里,安南區
67000350036,23.015023549691985,120.12864629978684,安平區圖書館,22.994821,120.168056,6.7183,88.98833333333333,osrm_walking,四草里,安南區
67000350049,23.0237130964409,120.1817086585576,台江文化中心圖書館,23.045984,120.188233,3.5366,47.52333333333333,osrm_walking,國安里,安南區
67000350029,23.05471181507996,120.1292749017665,土城圖書館,23.066305,120.126709,1.9156,25.576666666666664,osrm_walking,城中里,安南區
67000350028,23.059718436984415,120.1357516979456,土城圖書館,23.066305,120.126709,1.404,18.853333333333335,osrm_walking,城北里,安南區
67000350030,23.053887333449364,120.11758034731432,土城圖書館,23.066305,120.126709,2.1647,28.861666666666668,osrm_walking,城南里,安南區
67000350027,23.067256427250392,120.13233097344416,土城圖書館,23.066305,120.126709,0.7945,10.691666666666666,osrm_walking,城東里,安南區
67000350031,23.046511663397197,120.09230196611728,土城圖書館,23.066305,120.126709,5.4828,73.10333333333332,osrm_walking,城西里,安南區
67000350019,23.025977898402875,120.15335910391074,安南圖書館,23.047222,120.18481,5.3667,71.82,osrm_walking,塩田里,安南區
67000350051,23.03173751579019,120.19606062092608,台江文化中心圖書館,23.045984,120.188233,2.3494,31.56,osrm_walking,大安里,安南區
67000350052,23.04614154376982,120.14128467420088,土城圖書館,23.066305,120.126709,3.4938,46.82,osrm_walking,媽祖宮里,安南區
67000350026,23.080259196112948,120.14111646257192,土城圖書館,23.066305,120.126709,2.7251999999999996,36.47,osrm_walking,學東里,安南區
67000350037,23.033084366507264,120.21984802484872,市圖總館（公園總館）,23.004016,120.212445,3.8717,52.075,osrm_walking,安和里,安南區
67000350050,23.025339048917928,120.19601390380512,台江文化中心圖書館,23.045984,120.188233,3.1493,42.36,osrm_walking,安富里,安南區
67000350009,23.0382733792171,120.20983641988886,台江文化中心圖書館,23.045984,120.188233,2.7645999999999997,37.263333333333335,osrm_walking,安慶里,安南區
67000350006,23.03510836499546,120.21659478719536,台江文化中心圖書館,23.045984,120.188233,3.6228,48.77166666666667,osrm_walking,安東里,安南區
67000350007,23.03100497844561,120.20933749540106,台江文化中心圖書館,23.045984,120.188233,2.9298,39.60166666666667,osrm_walking,安西里,安南區
67000350002,23.050619786166024,120.22000863072216,台江文化中心圖書館,23.045984,120.188233,3.7903,51.10666666666667,osrm_walking,安順里,安南區
67000350005,23.06817045971858,120.21621854238305,台江文化中心圖書館,23.045984,120.188233,4.7511,63.781666666666666,osrm_walking,州北里,安南區
67000350004,23.059505694501883,120.21936360136232,台江文化中心圖書館,23.045984,120.188233,4.6049,61.531666666666666,osrm_walking,州南里,安南區
67000350048,23.06357251488651,120.20609689736978,台江文化中心圖書館,23.045984,120.188233,3.3057,44.35,osrm_walking,布袋里,安南區
67000350042,23.02038224834822,120.1895752198146,台江文化中心圖書館,23.045984,120.188233,3.3734,45.38,osrm_walking,幸福里,安南區
67000350010,23.045930322914707,120.2169102310519,台江文化中心圖書館,23.045984,120.188233,3.2097,43.305,osrm_walking,新順里,安南區
67000350001,23.059169120201098,120.23434777040065,市圖總館（新總館）,23.024401,120.238004,5.4218,72.86666666666666,osrm_walking,東和里,安南區
67000350044,23.03686939389057,120.1987054075126,台江文化中心圖書館,23.045984,120.188233,1.769,23.99,osrm_walking,梅花里,安南區
67000350041,23.025397351862036,120.18924525471294,台江文化中心圖書館,23.045984,120.188233,2.7701,37.30166666666666,osrm_walking,海佃里,安南區
67000350017,23.01151242324203,120.16440593173051,台江文化中心圖書館,23.045984,120.188233,5.0908,68.085,osrm_walking,海南里,安南區
67000350015,23.03681578597483,120.18709028340608,台江文化中心圖書館,23.045984,120.188233,1.3016,17.523333333333333,osrm_walking,海東里,安南區
67000350016,23.033667174414543,120.17687652484348,台江文化中心圖書館,23.045984,120.188233,2.1736,29.021666666666665,osrm_walking,海西里,安南區
67000350047,23.04434451226909,120.16881544899432,安南圖書館,23.047222,120.18481,2.0625,27.76,osrm_walking,淵中里,安南區
67000350020,23.05579282805175,120.17608478765574,安南圖書館,23.047222,120.18481,1.4734,19.945,osrm_walking,淵東里,安南區
67000350021,23.054746860613797,120.16402674097957,安南圖書館,23.047222,120.18481,2.5757,34.64,osrm_walking,淵西里,安南區
67000350038,23.02627347449087,120.21286014541002,市圖總館（公園總館）,23.004016,120.212445,3.1695,42.705000000000005,osrm_walking,溪北里,安南區
67000350040,23.02455624180423,120.19261916360468,台江文化中心圖書館,23.045984,120.188233,2.8625,38.69833333333334,osrm_walking,溪墘里,安南區
67000350018,23.0524728313018,120.18466448077066,安南圖書館,23.047222,120.18481,0.9668,12.923333333333334,osrm_walking,溪心里,安南區
67000350046,23.025606661543417,120.20176927058084,市圖總館（公園總館）,23.004016,120.212445,3.335,45.06166666666666,osrm_walking,溪東里,安南區
67000350039,23.025632116218883,120.20798506461928,市圖總館（公園總館）,23.004016,120.212445,3.1837,43.01833333333333,osrm_walking,溪頂里,安南區
67000350045,23.0362116372996,120.19142831941645,台江文化中心圖書館,23.045984,120.188233,1.6302,21.84,osrm_walking,理想里,安南區
67000350033,23.07979291103026,120.12419964336672,土城圖書館,23.066305,120.126709,1.7735,23.746666666666663,osrm_walking,砂崙里,安南區
67000350012,23.052673181014654,120.20450193941218,台江文化中心圖書館,23.045984,120.188233,2.4155,32.345,osrm_walking,總頭里,安南區
67000350013,23.06674770058845,120.19597021300528,安南圖書館,23.047222,120.18481,2.9464,39.385,osrm_walking,長安里,安南區
67000350032,23.07493491241547,120.10679342631296,土城圖書館,23.066305,120.126709,3.0278,40.43666666666666,osrm_walking,青草里,安南區
67000350008,23.04201898372817,120.20566178981026,台江文化中心圖書館,23.045984,120.188233,1.9292,26.095,osrm_walking,頂安里,安南區
67000350043,23.042535273335226,120.1990219667304,台江文化中心圖書館,23.045984,120.188233,1.2518,16.891666666666666,osrm_walking,鳳凰里,安南區
67000350035,23.03113730022468,120.1263883296016,土城圖書館,23.066305,120.126709,5.1155,68.67666666666668,osrm_walking,鹿耳里,安南區
67000210007,23.094691615965104,120.2432829238996,安定區圖書館,23.114827,120.234156,3.3038000000000003,44.28666666666666,osrm_walking,中榮里,安定區
67000210012,23.074171010008858,120.208536827473,台江文化中心圖書館,23.045984,120.188233,4.3614,58.38666666666666,osrm_walking,中沙里,安定區
67000210018,23.077646306348733,120.22858666949143,安定區圖書館,23.114827,120.234156,4.465199999999999,60.098333333333336,osrm_walking,嘉同里,安定區
67000210004,23.11781982594843,120.23528575857756,安定區圖書館,23.114827,120.234156,0.4789,6.451666666666667,osrm_walking,安加里,安定區
67000210003,23.11682353542908,120.24918717685952,安定區圖書館,23.114827,120.234156,2.3142,31.091666666666665,osrm_walking,安定里,安定區
67000210017,23.108436920792276,120.22255637542526,安定區圖書館,23.114827,120.234156,1.6765,22.353333333333335,osrm_walking,文科里,安定區
67000210013,23.085363318032105,120.20381533826844,西港區圖書館,23.123446,120.203326,5.1046000000000005,68.46833333333333,osrm_walking,新吉里,安定區
67000210014,23.099298163527592,120.20878893990113,西港區圖書館,23.123446,120.203326,2.9893,40.02333333333333,osrm_walking,海寮里,安定區
67000210009,23.08626034068444,120.23588297429336,安定區圖書館,23.114827,120.234156,3.4677,46.666666666666664,osrm_walking,港南里,安定區
67000210008,23.094764173383577,120.23028054206112,安定區圖書館,23.114827,120.234156,3.0345999999999997,40.52833333333333,osrm_walking,港口里,安定區
67000210006,23.105285257139293,120.23957655326032,安定區圖書館,23.114827,120.234156,1.7712,23.816666666666663,osrm_walking,港尾里,安定區
67000210002,23.125129221060813,120.2483265532066,安定區圖書館,23.114827,120.234156,2.3421999999999996,31.398333333333333,osrm_walking,蘇厝里,安定區
67000210001,23.123106815119147,120.25913864296004,安定區圖書館,23.114827,120.234156,3.053,41.108333333333334,osrm_walking,蘇林里,安定區
67000360012,22.99098907377442,120.16000252632622,安平區圖書館,22.994821,120.168056,1.2674,16.931666666666665,osrm_walking,億載里,安平區
67000360010,22.982684654295124,120.1694836947406,安平區圖書館,22.994821,120.168056,1.7079000000000002,23.14333333333333,osrm_walking,國平里,安平區
67000360016,22.99996169117933,120.16526334739817,安平區圖書館,22.994821,120.168056,1.1746,14.631666666666666,osrm_walking,天妃里,安平區
67000360015,22.99884751950469,120.17597955946914,安平區圖書館,22.994821,120.168056,1.4329,19.273333333333333,osrm_walking,平安里,安平區
67000360008,22.994902851801292,120.16771409295214,安平區圖書館,22.994821,120.168056,0.0986,1.3483333333333334,osrm_walking,平通里,安平區
67000360005,22.993556973102702,120.18281379449412,安平區圖書館,22.994821,120.168056,1.8821,25.56,osrm_walking,建平里,安平區
67000360006,22.994132941297988,120.17720920267904,安平區圖書館,22.994821,120.168056,1.235,16.765,osrm_walking,怡平里,安平區
67000360009,22.98653617725574,120.1817391978211,安平區圖書館,22.994821,120.168056,2.3243,31.196666666666665,osrm_walking,文平里,安平區
67000360004,22.97904149543627,120.1574916332916,安平區圖書館,22.994821,120.168056,2.6292,35.388333333333335,osrm_walking,漁光里,安平區
67000360017,23.002206030876955,120.15689569795066,安平區圖書館,22.994821,120.168056,2.0835,26.785,osrm_walking,王城里,安平區
67000360011,22.988597692039065,120.16639319010868,安平區圖書館,22.994821,120.168056,0.7597,10.328333333333337,osrm_walking,育平里,安平區
67000360007,22.9943043550128,120.1735256604608,安平區圖書館,22.994821,120.168056,0.8644,11.691666666666666,osrm_walking,華平里,安平區
67000360002,22.9953365287675,120.14976935533988,安平區圖書館,22.994821,120.168056,2.862,37.30333333333333,osrm_walking,金城里,安平區
67000100002,23.210963160499254,120.33100609323802,官田區圖書館,23.192647,120.314115,3.6825,49.141666666666666,osrm_walking,二鎮里,官田區
67000100008,23.214702901636873,120.30524018652898,官田區圖書館,23.192647,120.314115,3.0347,40.52833333333333,osrm_walking,南廍里,官田區
67000100005,23.18807641234228,120.39456541333324,六甲區圖書館,23.231847,120.347466,11.5749,154.56666666666666,osrm_walking,大崎里,官田區
67000100001,23.18995557798706,120.34161355791498,官田區圖書館,23.192647,120.314115,3.9379,52.605,osrm_walking,官田里,官田區
67000100017,23.18574324365439,120.29990929551536,官田區圖書館,23.192647,120.314115,2.4359,32.50833333333333,osrm_walking,東庄里,官田區
67000100015,23.16839213863705,120.3380878598768,官田區圖書館,23.192647,120.314115,5.1436,68.58666666666666,osrm_walking,渡拔里,官田區
67000100014,23.206017837917425,120.3604537182569,六甲區圖書館,23.231847,120.347466,4.1675,55.79666666666667,osrm_walking,烏山頭里,官田區
67000100013,23.174398822955222,120.3647133367266,官田區圖書館,23.192647,120.314115,6.9368,92.52666666666669,osrm_walking,社子里,官田區
67000100018,23.1822707389459,120.29290049808424,官田區圖書館,23.192647,120.314115,2.8447,37.961666666666666,osrm_walking,西庄里,官田區
67000100007,23.199029429832617,120.30869091214412,官田區圖書館,23.192647,120.314115,1.5297,20.398333333333333,osrm_walking,隆本里,官田區
67000100006,23.189207892564596,120.3130128672564,官田區圖書館,23.192647,120.314115,0.5692,7.586666666666667,osrm_walking,隆田里,官田區
67000160023,23.205556336659622,120.13202752695076,將軍區圖書館,23.201284,120.160563,3.4704,46.275,osrm_walking,將軍里,將軍區
67000160019,23.22742490526345,120.15182137858268,學甲區圖書館,23.230277,120.181923,3.6397,48.63166666666667,osrm_walking,巷埔里,將軍區
67000160016,23.20797073220437,120.09707768585668,將軍區圖書館,23.201284,120.160563,7.772399999999999,103.7,osrm_walking,平沙里,將軍區
67000160014,23.220537828223428,120.11969064664876,將軍區圖書館,23.201284,120.160563,5.521100000000001,73.61666666666666,osrm_walking,廣山里,將軍區
67000160021,23.20788879667464,120.15669131051602,將軍區圖書館,23.201284,120.160563,1.1503,15.34,osrm_walking,忠嘉里,將軍區
67000160013,23.209933232926947,120.12109632937216,將軍區圖書館,23.201284,120.160563,4.7661999999999995,63.54833333333333,osrm_walking,玉山里,將軍區
67000160022,23.217345508799788,120.1683622464358,將軍區圖書館,23.201284,120.160563,2.3746,31.66166666666667,osrm_walking,苓仔寮里,將軍區
67000160020,23.196453290691196,120.1460496037094,將軍區圖書館,23.201284,120.160563,1.7783,23.711666666666662,osrm_walking,西甲里,將軍區
67000160001,23.19175699818195,120.16373968664286,將軍區圖書館,23.201284,120.160563,1.1449,15.26,osrm_walking,長榮里,將軍區
67000160015,23.22346583104452,120.09506132717809,北門區圖書館,23.270354,120.124891,7.082199999999999,94.50166666666668,osrm_walking,長沙里,將軍區
67000160018,23.18788733434964,120.10610782761482,將軍區圖書館,23.201284,120.160563,6.6918,89.22833333333332,osrm_walking,鯤溟里,將軍區
67000160017,23.195462175754432,120.09211919743336,將軍區圖書館,23.201284,120.160563,8.6528,115.44166666666666,osrm_walking,鯤鯓里,將軍區
67000220002,23.097644704966154,120.34743027586208,山上區圖書館,23.101652,120.355209,1.0828,14.438333333333333,osrm_walking,南洲里,山上區
67000220003,23.101603321079295,120.35985532830274,山上區圖書館,23.101652,120.355209,0.4988999999999999,6.6866666666666665,osrm_walking,山上里,山上區
67000220006,23.08410268303948,120.37817323056927,山上區圖書館,23.101652,120.355209,4.9328,65.905,osrm_walking,平陽里,山上區
67000220004,23.090972001553585,120.35820335991232,山上區圖書館,23.101652,120.355209,1.5486,20.716666666666665,osrm_walking,新莊里,山上區
67000220001,23.1138514737211,120.34125271193086,山上區圖書館,23.101652,120.355209,2.0684,27.75,osrm_walking,明和里,山上區
67000220005,23.09698785136753,120.39611347760376,山上區圖書館,23.101652,120.355209,5.2575,70.17833333333333,osrm_walking,玉峯里,山上區
67000220007,23.07942512373268,120.35839591522851,山上區圖書館,23.101652,120.355209,3.1508000000000003,42.041666666666664,osrm_walking,豐德里,山上區
67000260004,23.06657962624438,120.40780213277672,左鎮區圖書館,23.056394,120.408727,2.4635,32.845,osrm_walking,中正里,左鎮區
67000260010,22.98804324849585,120.41102680158886,龍崎區圖書館,22.964715,120.359274,8.2271,109.72,osrm_walking,二寮里,左鎮區
67000260001,23.063068014515324,120.375899366609,左鎮區圖書館,23.056394,120.408727,4.8084,64.17666666666666,osrm_walking,光和里,左鎮區
67000260006,23.04424416577084,120.42396660452717,左鎮區圖書館,23.056394,120.408727,2.6281999999999996,35.07333333333334,osrm_walking,內庄里,左鎮區
67000260008,23.022089277329663,120.42079734088922,左鎮區圖書館,23.056394,120.408727,5.7588,76.82,osrm_walking,岡林里,左鎮區
67000260003,23.04568020445636,120.4049694483919,左鎮區圖書館,23.056394,120.408727,2.0602,27.473333333333336,osrm_walking,左鎮里,左鎮區
67000260002,23.070262032850547,120.393194546851,左鎮區圖書館,23.056394,120.408727,3.3509,44.67333333333333,osrm_walking,榮和里,左鎮區
67000260007,23.030937163582877,120.3904234964686,左鎮區圖書館,23.056394,120.408727,5.0614,67.52166666666668,osrm_walking,澄山里,左鎮區
67000260005,23.057604198428457,120.42249301920164,左鎮區圖書館,23.056394,120.408727,2.0168,26.958333333333332,osrm_walking,睦光里,左鎮區
67000260009,22.99222570885983,120.43740030515316,南化區圖書館,23.045724,120.480301,9.8985,132.015,osrm_walking,草山里,左鎮區
67000050023,23.386650496609786,120.38013626069784,後壁區圖書館,23.366219,120.362289,3.1916,42.556666666666665,osrm_walking,上茄苳里,後壁區
67000050002,23.37163008582323,120.3694352838422,後壁區圖書館,23.366219,120.362289,1.3312,17.748333333333335,osrm_walking,侯伯里,後壁區
67000050003,23.354171313992246,120.36923562438186,後壁區圖書館,23.366219,120.362289,2.2836,30.448333333333338,osrm_walking,嘉苳里,後壁區
67000050004,23.37426530183083,120.39314104246002,白河區圖書館,23.353425,120.414315,3.4917,46.585,osrm_walking,土溝里,後壁區
67000050001,23.364339458408917,120.36378066894105,後壁區圖書館,23.366219,120.362289,0.3808999999999999,5.078333333333333,osrm_walking,後壁里,後壁區
67000050019,23.36660373445448,120.30426860879436,後壁區圖書館,23.366219,120.362289,7.277699999999999,97.035,osrm_walking,新嘉里,後壁區
67000050011,23.33922601478492,120.3294553367138,新營文化中心圖書館,23.308579,120.315842,4.3765,58.59666666666667,osrm_walking,新東里,後壁區
67000050014,23.329341344893137,120.36623760147424,後壁區圖書館,23.366219,120.362289,5.1846000000000005,69.11999999999999,osrm_walking,福安里,後壁區
67000050010,23.345896926415524,120.30458314103124,新營文化中心圖書館,23.308579,120.315842,5.347600000000001,71.80666666666666,osrm_walking,竹新里,後壁區
67000050018,23.380413600792693,120.3281173327186,後壁區圖書館,23.366219,120.362289,4.5188999999999995,60.28333333333333,osrm_walking,菁寮里,後壁區
67000050024,23.388095100827197,120.35619698036156,後壁區圖書館,23.366219,120.362289,4.3659,58.20333333333333,osrm_walking,菁豐里,後壁區
67000050013,23.34143389930048,120.37149563135748,後壁區圖書館,23.366219,120.362289,3.7148,49.525,osrm_walking,長安里,後壁區
67000050022,23.357656532411152,120.33149202289894,後壁區圖書館,23.366219,120.362289,4.3775,58.36333333333334,osrm_walking,長短樹里,後壁區
67000050012,23.33957277967562,120.35169630263177,後壁區圖書館,23.366219,120.362289,3.4135,45.68333333333333,osrm_walking,頂安里,後壁區
67000180018,23.06274731825627,120.34184593789368,新化區圖書館,23.038088,120.310581,4.9722,66.63166666666667,osrm_walking,[那]拔里,新化區
67000180013,23.02575156444921,120.29761016476208,新化區圖書館,23.038088,120.310581,2.8894,38.75666666666667,osrm_walking,全興里,新化區
67000180011,23.05010648876281,120.29060713858748,新化區圖書館,23.038088,120.310581,2.9783000000000004,39.80833333333333,osrm_walking,北勢里,新化區
67000180009,23.037449605540314,120.29252735882238,新化區圖書館,23.038088,120.310581,2.4231,32.50333333333334,osrm_walking,協興里,新化區
67000180010,23.04331071899121,120.2971396746864,新化區圖書館,23.038088,120.310581,1.9199,25.698333333333338,osrm_walking,唪口里,新化區
67000180017,23.012533579438223,120.37302898984804,龍崎區圖書館,22.964715,120.359274,7.4411,99.21333333333334,osrm_walking,大坑里,新化區
67000180004,23.0494334358603,120.30879464818464,新化區圖書館,23.038088,120.310581,1.7723,23.69333333333333,osrm_walking,太平里,新化區
67000180016,23.008647797015673,120.33009348887808,新化區圖書館,23.038088,120.310581,4.5795,61.263333333333335,osrm_walking,山脚里,新化區
67000180014,23.021128326004828,120.2887139898962,永康區圖書館,23.018985,120.25988,3.0991999999999997,41.45333333333333,osrm_walking,崙頂里,新化區
67000180002,23.0326975379189,120.32396585991717,新化區圖書館,23.038088,120.310581,3.007,40.32833333333333,osrm_walking,東榮里,新化區
67000180001,23.032927630814857,120.30619140021663,新化區圖書館,23.038088,120.310581,0.9122,12.26,osrm_walking,武安里,新化區
67000180015,23.020587236355233,120.33723473038286,新化區圖書館,23.038088,120.310581,4.24,56.763333333333335,osrm_walking,知義里,新化區
67000180020,23.03554215112594,120.35678973844333,新化區圖書館,23.038088,120.310581,5.217899999999999,69.81,osrm_walking,礁坑里,新化區
67000180019,23.055797120203778,120.35886934669566,新化區圖書館,23.038088,120.310581,6.9947,93.37,osrm_walking,羊林里,新化區
67000180003,23.04591925102973,120.32113825227589,新化區圖書館,23.038088,120.310581,1.7543,23.466666666666665,osrm_walking,護國里,新化區
67000180012,23.032908404013945,120.29897593987656,新化區圖書館,23.038088,120.310581,1.6744,22.558333333333337,osrm_walking,豐榮里,新化區
67000200006,23.09685429397347,120.29266989482234,新市區圖書館,23.079719,120.29588,2.6244,35.18833333333334,osrm_walking,三舍里,新市區
67000200004,23.071454070725014,120.2586553268311,新市區圖書館,23.079719,120.29588,4.258,57.07333333333334,osrm_walking,大洲里,新市區
67000200007,23.09982925040624,120.30952578315792,新市區圖書館,23.079719,120.29588,2.8761,38.416666666666664,osrm_walking,大營里,新市區
67000200008,23.092605184130463,120.3250244429923,山上區圖書館,23.101652,120.355209,3.6761,49.055,osrm_walking,大社里,新市區
67000200002,23.075693705921353,120.29119787927168,新市區圖書館,23.079719,120.29588,0.7637,10.383333333333333,osrm_walking,新和里,新市區
67000200001,23.081092538462624,120.29526211522594,新市區圖書館,23.079719,120.29588,0.2603,3.5383333333333336,osrm_walking,新市里,新市區
67000200011,23.06358958966871,120.30277665976114,新市區圖書館,23.079719,120.29588,2.0005,26.871666666666663,osrm_walking,永就里,新市區
67000200010,23.07913165581853,120.304979176071,新市區圖書館,23.079719,120.29588,1.0224,13.633333333333333,osrm_walking,港墘里,新市區
67000200009,23.07589325742837,120.32905620581882,山上區圖書館,23.101652,120.355209,4.2368999999999994,56.52333333333333,osrm_walking,潭頂里,新市區
67000200003,23.074509643273466,120.28025893788993,新市區圖書館,23.079719,120.29588,1.9717,26.523333333333333,osrm_walking,社內里,新市區
67000200005,23.09506905821221,120.2664826534263,新市區圖書館,23.079719,120.29588,4.1278999999999995,55.37,osrm_walking,豐華里,新市區
67000010003,23.311796681130353,120.31117825853062,新營文化中心圖書館,23.308579,120.315842,0.9848,13.163333333333332,osrm_walking,三仙里,新營區
67000010009,23.30875891201206,120.32902078783768,新營文化中心圖書館,23.308579,120.315842,1.5443,20.753333333333337,osrm_walking,中營里,新營區
67000010025,23.2668036159555,120.27111448488056,新營區圖書館,23.2952,120.273886,3.7927,50.605,osrm_walking,五興里,新營區
67000010020,23.29794741549689,120.29059871196496,新營區圖書館,23.2952,120.273886,2.4861999999999997,33.30833333333333,osrm_walking,南紙里,新營區
67000010012,23.298144820840108,120.30658080946117,新營文化中心圖書館,23.308579,120.315842,1.9376,26.035,osrm_walking,南興里,新營區
67000010021,23.308488179600875,120.28393603844938,新營區圖書館,23.2952,120.273886,2.5438,33.915,osrm_walking,嘉芳里,新營區
67000010010,23.3206451301583,120.33918922192824,新營文化中心圖書館,23.308579,120.315842,3.2275,43.23166666666667,osrm_walking,土庫里,新營區
67000010016,23.326527840538223,120.31980355037632,新營文化中心圖書館,23.308579,120.315842,2.6956,36.18333333333333,osrm_walking,埤寮里,新營區
67000010007,23.308981833151552,120.32055623572452,新營文化中心圖書館,23.308579,120.315842,0.5849,7.8,osrm_walking,大宏里,新營區
67000010019,23.296078749522003,120.27400011633618,新營區圖書館,23.2952,120.273886,0.1244,1.6616666666666666,osrm_walking,太北里,新營區
67000010018,23.284746520631263,120.28203734182463,新營區圖書館,23.2952,120.273886,1.9163,25.55,osrm_walking,太南里,新營區
67000010026,23.27732290162716,120.260148639844,新營區圖書館,23.2952,120.273886,2.9565,39.45,osrm_walking,姑爺里,新營區
67000010001,23.31519096553223,120.31440330972212,新營文化中心圖書館,23.308579,120.315842,1.087,14.526666666666667,osrm_walking,忠政里,新營區
67000010027,23.314361753933436,120.30608844933484,新營文化中心圖書館,23.308579,120.315842,1.8872,25.361666666666668,osrm_walking,新北里,新營區
67000010028,23.309557825188,120.29841018221856,新營文化中心圖書館,23.308579,120.315842,2.2379,29.97,osrm_walking,新南里,新營區
67000010029,23.31600096113062,120.32575345275325,新營文化中心圖書館,23.308579,120.315842,1.7222,23.095,osrm_walking,新東里,新營區
67000010015,23.302049152744136,120.30125791383789,新營文化中心圖書館,23.308579,120.315842,1.9773,26.401666666666664,osrm_walking,民榮里,新營區
67000010002,23.30714751889213,120.31431596257572,新營文化中心圖書館,23.308579,120.315842,0.3833,5.145,osrm_walking,民權里,新營區
67000010014,23.30611679469743,120.30713160750597,新營文化中心圖書館,23.308579,120.315842,1.0488,14.018333333333334,osrm_walking,民生里,新營區
67000010030,23.301891629529266,120.31308116141706,新營文化中心圖書館,23.308579,120.315842,1.0654,14.313333333333333,osrm_walking,永平里,新營區
67000010008,23.315486992329006,120.3188579617716,新營文化中心圖書館,23.308579,120.315842,0.9834,13.25,osrm_walking,王公里,新營區
67000010013,23.29962540868465,120.31916049524295,新營文化中心圖書館,23.308579,120.315842,1.6421,21.996666666666663,osrm_walking,興業里,新營區
67000010017,23.325041688602184,120.29729114964228,新營文化中心圖書館,23.308579,120.315842,3.702,49.56166666666666,osrm_walking,護鎮里,新營區
67000320010,22.989818450638342,120.22054584403618,林森圖書館,22.986591,120.223125,0.5695,7.628333333333333,osrm_walking,中西里,東區
67000320006,22.970414833361,120.23582457262724,裕文圖書館,22.98206,120.245317,2.2308000000000003,29.975,osrm_walking,仁和里,東區
67000320044,22.98873352130449,120.24285041712136,裕文圖書館,22.98206,120.245317,0.9589,12.95,osrm_walking,南聖里,東區
67000320014,22.975259421177363,120.2338898349322,林森圖書館,22.986591,120.223125,2.0345,27.43,osrm_walking,和平里,東區
67000320021,22.99164999503984,120.21492532991132,中西區圖書館,22.992069,120.203801,1.2318,16.62,osrm_walking,圍下里,東區
67000320038,22.98450146008515,120.21252392519348,中西區圖書館,22.992069,120.203801,1.3971,18.865,osrm_walking,大同里,東區
67000320023,22.99636388590089,120.22192544652876,林森圖書館,22.986591,120.223125,1.2082,16.241666666666667,osrm_walking,大學里,東區
67000320016,22.97822765371377,120.2147773286909,林森圖書館,22.986591,120.223125,1.6276,21.7,osrm_walking,大德里,東區
67000320003,22.96284115209632,120.23254474484918,裕文圖書館,22.98206,120.245317,3.2901,44.23,osrm_walking,大智里,東區
67000320028,22.974737289673524,120.21556713729017,林森圖書館,22.986591,120.223125,2.0664,27.55,osrm_walking,大福里,東區
67000320020,22.985018404467105,120.2304629352314,林森圖書館,22.986591,120.223125,0.93,12.431666666666668,osrm_walking,富強里,東區
67000320001,22.98482619817484,120.22705311804094,林森圖書館,22.986591,120.223125,0.6782,9.075,osrm_walking,富裕里,東區
67000320022,22.997415648105555,120.22800417624184,林森圖書館,22.986591,120.223125,1.4685,19.616666666666667,osrm_walking,小東里,東區
67000320040,22.980698831900604,120.22657060163372,林森圖書館,22.986591,120.223125,0.9783,13.085,osrm_walking,崇信里,東區
67000320019,22.973877452376847,120.23050312371338,林森圖書館,22.986591,120.223125,1.9715,26.526666666666664,osrm_walking,崇善里,東區
67000320004,22.97737710930868,120.22351604707671,林森圖書館,22.986591,120.223125,1.4078,18.834999999999997,osrm_walking,崇學里,東區
67000320032,22.974521938186317,120.22674641320408,林森圖書館,22.986591,120.223125,1.8938,25.351666666666667,osrm_walking,崇德里,東區
67000320035,22.96927442073754,120.22725451398468,林森圖書館,22.986591,120.223125,2.5501,34.37,osrm_walking,崇成里,東區
67000320041,22.96756150099479,120.22946776098782,林森圖書館,22.986591,120.223125,2.6345,35.37,osrm_walking,崇文里,東區
67000320012,22.96918577646645,120.22069576333632,林森圖書館,22.986591,120.223125,2.564,34.25666666666667,osrm_walking,崇明里,東區
67000320030,22.98958751138748,120.22584093936037,林森圖書館,22.986591,120.223125,0.4996,6.67,osrm_walking,崇誨里,東區
67000320007,22.992851083866267,120.23883666706688,裕文圖書館,22.98206,120.245317,1.6706,22.666666666666668,osrm_walking,後甲里,東區
67000320042,22.981826192470532,120.23844858719964,裕文圖書館,22.98206,120.245317,1.0855,14.775,osrm_walking,復興里,東區
67000320039,22.98061761462849,120.21983978515787,林森圖書館,22.986591,120.223125,0.9343,12.458333333333334,osrm_walking,德光里,東區
67000320026,22.96614710623212,120.23565975565104,裕文圖書館,22.98206,120.245317,2.6269,35.35166666666667,osrm_walking,德高里,東區
67000320029,22.976819624383705,120.21835071133135,林森圖書館,22.986591,120.223125,1.4997,20.061666666666667,osrm_walking,忠孝里,東區
67000320037,22.99707731115427,120.2153650923508,市圖總館（公園總館）,23.004016,120.212445,1.0992,14.661666666666669,osrm_walking,成大里,東區
67000320045,22.98385386129165,120.24309967166056,裕文圖書館,22.98206,120.245317,0.3962,5.381666666666666,osrm_walking,文聖里,東區
67000320009,22.986466840947873,120.22503461074322,林森圖書館,22.986591,120.223125,0.2357,3.14,osrm_walking,新東里,東區
67000320008,22.992561999760113,120.23062006031302,林森圖書館,22.986591,120.223125,1.3894000000000002,18.55666666666667,osrm_walking,東光里,東區
67000320011,22.987043856573287,120.2210191918462,林森圖書館,22.986591,120.223125,0.5145,6.86,osrm_walking,東安里,東區
67000320031,22.991965596099146,120.22691752036664,林森圖書館,22.986591,120.223125,0.8625,11.535,osrm_walking,東明里,東區
67000320033,22.9628120384921,120.22355154618998,林森圖書館,22.986591,120.223125,3.4812,46.516666666666666,osrm_walking,東智里,東區
67000320034,22.986750598567397,120.23454402749832,林森圖書館,22.986591,120.223125,1.3198,17.726666666666667,osrm_walking,東聖里,東區
67000320036,22.98952704710629,120.21412198484614,中西區圖書館,22.992069,120.203801,1.3149000000000002,17.663333333333334,osrm_walking,東門里,東區
67000320005,22.98521406055283,120.21527188589384,林森圖書館,22.986591,120.223125,1.0420999999999998,14.061666666666667,osrm_walking,泉南里,東區
67000320013,22.98236077397954,120.23280422694876,裕文圖書館,22.98206,120.245317,1.3743,18.625,osrm_walking,自強里,東區
67000320027,22.99703627862502,120.23228906244354,林森圖書館,22.986591,120.223125,1.9394,25.928333333333335,osrm_walking,莊敬里,東區
67000320025,22.978778937761938,120.23595751002205,裕文圖書館,22.98206,120.245317,1.4727,19.938333333333333,osrm_walking,虎尾里,東區
67000320018,22.988057963498164,120.22440397655566,林森圖書館,22.986591,120.223125,0.2501,3.335,osrm_walking,衛國里,東區
67000320043,22.979587813914584,120.24582269780774,裕文圖書館,22.98206,120.245317,0.3498,4.7316666666666665,osrm_walking,裕聖里,東區
67000320002,22.988182819479665,120.22916229797003,林森圖書館,22.986591,120.223125,0.7187,9.581666666666669,osrm_walking,裕農里,東區
67000320015,22.98030586324759,120.21366810057792,林森圖書館,22.986591,120.223125,1.4278,19.038333333333338,osrm_walking,路東里,東區
67000320017,22.98646240442249,120.24280572655564,裕文圖書館,22.98206,120.245317,0.7132000000000001,9.643333333333334,osrm_walking,關聖里,東區
67000320024,22.983929722989135,120.22137161323812,林森圖書館,22.986591,120.223125,0.361,4.8149999999999995,osrm_walking,龍山里,東區
67000060004,23.321565460533225,120.3848966080084,東山區圖書館,23.326158,120.404169,2.5024,33.40833333333333,osrm_walking,三榮里,東山區
67000060013,23.24852336292443,120.487831568535,楠西區圖書館,23.172789,120.487278,13.3695,178.47833333333335,osrm_walking,南勢里,東山區
67000060008,23.271021275109852,120.4024053394769,東山區圖書館,23.326158,120.404169,8.4689,113.06833333333334,osrm_walking,南溪里,東山區
67000060005,23.313446418064817,120.42314284080314,東山區圖書館,23.326158,120.404169,3.1041999999999996,41.52166666666667,osrm_walking,大客里,東山區
67000060012,23.25354345222443,120.4356147214975,東山區圖書館,23.326158,120.404169,11.0891,147.98166666666663,osrm_walking,嶺南里,東山區
67000060002,23.31343329165427,120.3997288628761,東山區圖書館,23.326158,120.404169,1.792,24.03,osrm_walking,東中里,東山區
67000060011,23.28437184982908,120.4465604289324,東山區圖書館,23.326158,120.404169,8.231399999999999,109.88666666666668,osrm_walking,東原里,東山區
67000060001,23.331304235580212,120.40023940606568,東山區圖書館,23.326158,120.404169,0.9723,12.965,osrm_walking,東山里,東山區
67000060003,23.32578325600155,120.41086049755178,東山區圖書館,23.326158,120.404169,1.0175,13.633333333333333,osrm_walking,東正里,東山區
67000060007,23.298656807650797,120.38144112821767,東山區圖書館,23.326158,120.404169,4.7591,63.593333333333334,osrm_walking,東河里,東山區
67000060010,23.283429490192635,120.42791698198542,東山區圖書館,23.326158,120.404169,7.1724,95.75666666666666,osrm_walking,林安里,東山區
67000060009,23.273037300604656,120.41685516149556,東山區圖書館,23.326158,120.404169,8.722700000000001,116.44666666666669,osrm_walking,水雲里,東山區
67000060006,23.295380255543954,120.40606291968672,東山區圖書館,23.326158,120.404169,3.9509,52.81166666666666,osrm_walking,科里里,東山區
67000060016,23.308077352790693,120.35733882005822,新營文化中心圖書館,23.308579,120.315842,4.6503000000000005,62.335,osrm_walking,聖賢里,東山區
67000060014,23.27492102338204,120.4848721561134,東山區圖書館,23.326158,120.404169,14.2632,190.30333333333337,osrm_walking,青山里,東山區
67000060015,23.28854170988938,120.48853102546428,東山區圖書館,23.326158,120.404169,12.883,171.90166666666667,osrm_walking,高原里,東山區
67000040003,23.268689388902708,120.31738617809292,柳營區圖書館,23.27839,120.311527,1.5342,20.586666666666662,osrm_walking,中埕里,柳營區
67000040006,23.289907187382862,120.30535292086054,柳營區圖書館,23.27839,120.311527,2.3329,31.11,osrm_walking,人和里,柳營區
67000040002,23.28314170684543,120.31450416035943,柳營區圖書館,23.27839,120.311527,0.7914,10.651666666666667,osrm_walking,光福里,柳營區
67000040005,23.270254594307733,120.29570563591056,柳營區圖書館,23.27839,120.311527,2.2891999999999997,30.721666666666668,osrm_walking,八翁里,柳營區
67000040001,23.27636658133252,120.30918779562468,柳營區圖書館,23.27839,120.311527,0.4149,5.531666666666666,osrm_walking,士林里,柳營區
67000040010,23.27765323157261,120.36286374031664,柳營區圖書館,23.27839,120.311527,5.532100000000001,73.92333333333333,osrm_walking,大農里,柳營區
67000040007,23.285797796096936,120.33481897543264,柳營區圖書館,23.27839,120.311527,3.1724,42.35666666666667,osrm_walking,太康里,柳營區
67000040013,23.254085018524123,120.39889614264416,六甲區圖書館,23.231847,120.347466,10.339,137.89,osrm_walking,旭山里,柳營區
67000040004,23.27401648862234,120.32643172010124,柳營區圖書館,23.27839,120.311527,2.1454,28.666666666666668,osrm_walking,東昇里,柳營區
67000040012,23.249886484563746,120.37339372487948,六甲區圖書館,23.231847,120.347466,4.9058,65.58666666666666,osrm_walking,果毅里,柳營區
67000040011,23.25945066749505,120.35540935371957,六甲區圖書館,23.231847,120.347466,4.4289,59.086666666666666,osrm_walking,神農里,柳營區
67000040009,23.28691228843296,120.37148696637384,東山區圖書館,23.326158,120.404169,6.752800000000001,90.20833333333331,osrm_walking,篤農里,柳營區
67000040008,23.293876163910067,120.35555846306475,柳營區圖書館,23.27839,120.311527,5.8803,78.53666666666666,osrm_walking,重溪里,柳營區
67000240003,23.207498684383157,120.53008790870268,楠西區圖書館,23.172789,120.487278,10.9762,146.67166666666665,osrm_walking,密枝里,楠西區
67000240007,23.17770360398889,120.49170782494046,楠西區圖書館,23.172789,120.487278,1.0211,13.75,osrm_walking,東勢里,楠西區
67000240001,23.173736256454234,120.48214640681871,楠西區圖書館,23.172789,120.487278,0.625,8.333333333333334,osrm_walking,楠西里,楠西區
67000240002,23.17154856202148,120.53378564818756,楠西區圖書館,23.172789,120.487278,7.9064,105.565,osrm_walking,灣丘里,楠西區
67000240004,23.197343389949705,120.47743100489971,楠西區圖書館,23.172789,120.487278,3.8621,51.70166666666667,osrm_walking,照興里,楠西區
67000240005,23.153404437021425,120.48723532914396,楠西區圖書館,23.172789,120.487278,2.2621,30.288333333333338,osrm_walking,鹿田里,楠西區
67000240006,23.135735306577416,120.51851243639676,玉井區圖書館,23.123307,120.468898,7.9946,106.79666666666668,osrm_walking,龜丹里,楠西區
67000280014,22.982967932640143,120.2838025741408,歸仁區圖書館,22.971948,120.297439,3.1921,42.72666666666667,osrm_walking,七甲里,歸仁區
67000280013,22.974977869763315,120.29968246319196,歸仁區圖書館,22.971948,120.297439,0.5209,7.010000000000001,osrm_walking,八甲里,歸仁區
67000280002,22.94751717870134,120.2791558889403,歸仁區圖書館,22.971948,120.297439,4.057300000000001,54.46,osrm_walking,六甲里,歸仁區
67000280001,22.96801928193245,120.28509439972512,歸仁區圖書館,22.971948,120.297439,1.7546,23.56,osrm_walking,南保里,歸仁區
67000280018,22.96986640719862,120.27768116910048,歸仁區圖書館,22.971948,120.297439,2.4006,32.14,osrm_walking,南興里,歸仁區
67000280017,22.998914645273754,120.2786189149418,永康區圖書館,23.018985,120.25988,3.6608,49.31333333333334,osrm_walking,大廟里,歸仁區
67000280011,22.908138416772417,120.29371832699842,關廟區圖書館,22.960055,120.324203,8.7569,116.96333333333334,osrm_walking,大潭里,歸仁區
67000280015,22.99700916753425,120.29377301362337,歸仁區圖書館,22.971948,120.297439,3.3081,44.20333333333333,osrm_walking,媽廟里,歸仁區
67000280009,22.95119395433359,120.29404738242862,歸仁區圖書館,22.971948,120.297439,2.7331,36.805,osrm_walking,崙頂里,歸仁區
67000280004,22.96797439104343,120.29073712779038,歸仁區圖書館,22.971948,120.297439,1.1722,15.76,osrm_walking,後市里,歸仁區
67000280021,22.97174286731613,120.29190077884604,歸仁區圖書館,22.971948,120.297439,0.7633,10.248333333333331,osrm_walking,文化里,歸仁區
67000280019,22.96233128577209,120.29260004587266,歸仁區圖書館,22.971948,120.297439,1.4849,20.065,osrm_walking,新厝里,歸仁區
67000280012,22.924956483320045,120.27836508998412,歸仁區圖書館,22.971948,120.297439,6.6624,89.49,osrm_walking,武東里,歸仁區
67000280003,22.96761028018862,120.3055433817705,歸仁區圖書館,22.971948,120.297439,1.2159,16.381666666666668,osrm_walking,歸仁里,歸仁區
67000280020,22.96140840389549,120.27778445735076,歸仁區圖書館,22.971948,120.297439,3.0886,41.415,osrm_walking,歸南里,歸仁區
67000280010,22.93210507914059,120.3081294491979,關廟區圖書館,22.960055,120.324203,4.5376,60.63166666666667,osrm_walking,沙崙里,歸仁區
67000280008,22.954715982461533,120.3103976876719,歸仁區圖書館,22.971948,120.297439,2.8004,37.67333333333333,osrm_walking,看東里,歸仁區
67000280007,22.959147938148572,120.30091168622543,歸仁區圖書館,22.971948,120.297439,1.6542,22.186666666666667,osrm_walking,看西里,歸仁區
67000280016,23.005563655993125,120.2873327578554,永康區圖書館,23.018985,120.25988,3.8261,51.38166666666667,osrm_walking,西埔里,歸仁區
67000280006,22.965655037592494,120.29907486986642,歸仁區圖書館,22.971948,120.297439,0.9238,12.481666666666666,osrm_walking,許厝里,歸仁區
67000280005,22.964074009341505,120.29064302803108,歸仁區圖書館,22.971948,120.297439,1.5107000000000002,20.341666666666665,osrm_walking,辜厝里,歸仁區
67000310032,23.0112734573453,120.23945851830231,市圖總館（新總館）,23.024401,120.238004,2.0516,27.488333333333333,osrm_walking,三合里,永康區
67000310009,23.05600539805757,120.25603326019676,永康區圖書館,23.018985,120.25988,5.011,67.04666666666667,osrm_walking,三民里,永康區
67000310025,23.00669738809846,120.23791860543788,市圖總館（新總館）,23.024401,120.238004,2.4560999999999997,33.18333333333333,osrm_walking,中興里,永康區
67000310039,23.000064916560188,120.23756987252924,裕文圖書館,22.98206,120.245317,2.6064000000000003,35.14666666666667,osrm_walking,中華里,永康區
67000310030,23.017492892326693,120.24334024016932,市圖總館（新總館）,23.024401,120.238004,1.5545,20.925,osrm_walking,二王里,永康區
67000310001,23.01164180572046,120.23464183994592,市圖總館（新總館）,23.024401,120.238004,1.9876,26.771666666666665,osrm_walking,五王里,永康區
67000310028,22.999640916620123,120.24463325818016,裕文圖書館,22.98206,120.245317,2.4828,33.434999999999995,osrm_walking,光復里,永康區
67000310031,23.010383636122572,120.2308197233276,市圖總館（公園總館）,23.004016,120.212445,2.3609,31.578333333333333,osrm_walking,六合里,永康區
67000310026,23.003666680506207,120.23252609006104,市圖總館（公園總館）,23.004016,120.212445,2.3449,31.295,osrm_walking,勝利里,永康區
67000310017,23.01019222072723,120.27132088404164,永康區圖書館,23.018985,120.25988,2.0653,27.975,osrm_walking,北灣里,永康區
67000310040,23.01535946443324,120.26656771763294,永康區圖書館,23.018985,120.25988,1.1741,15.76,osrm_walking,北興里,永康區
67000310015,22.99925605770491,120.26225460329022,永康區圖書館,23.018985,120.25988,2.7379,37.03666666666666,osrm_walking,南灣里,永康區
67000310004,23.034011531733764,120.25601260962338,永康區圖書館,23.018985,120.25988,2.2011999999999996,29.65,osrm_walking,埔園里,永康區
67000310029,23.041209251120947,120.23111654164822,市圖總館（新總館）,23.024401,120.238004,2.6754,36.17333333333333,osrm_walking,塩洲里,永康區
67000310043,23.044080272528007,120.24216335830158,市圖總館（新總館）,23.024401,120.238004,3.0995,41.86833333333333,osrm_walking,塩興里,永康區
67000310010,23.0356740162005,120.24002279849778,市圖總館（新總館）,23.024401,120.238004,1.9927,26.94,osrm_walking,塩行里,永康區
67000310005,23.01848225532577,120.23000459278254,市圖總館（新總館）,23.024401,120.238004,1.3284,17.913333333333334,osrm_walking,大橋里,永康區
67000310012,23.006686519884916,120.26994021852911,永康區圖書館,23.018985,120.25988,2.0834,28.148333333333333,osrm_walking,大灣里,永康區
67000310034,23.015229963823984,120.22796289378148,市圖總館（新總館）,23.024401,120.238004,1.8171,24.433333333333337,osrm_walking,安康里,永康區
67000310036,23.026769371332,120.22572519681496,市圖總館（新總館）,23.024401,120.238004,2.1013,28.351666666666667,osrm_walking,尚頂里,永康區
67000310016,23.001250243192576,120.25506905356713,永康區圖書館,23.018985,120.25988,2.4474,32.903333333333336,osrm_walking,崑山里,永康區
67000310021,22.999010068191556,120.24817064626411,裕文圖書館,22.98206,120.245317,2.1341,28.753333333333337,osrm_walking,建國里,永康區
67000310020,23.007932987630493,120.24579143430466,永康區圖書館,23.018985,120.25988,2.4025,32.27,osrm_walking,復國里,永康區
67000310019,22.998211794217383,120.24241835171868,裕文圖書館,22.98206,120.245317,2.4791999999999996,33.485,osrm_walking,復興里,永康區
67000310037,23.015002794543314,120.24649858343648,永康區圖書館,23.018985,120.25988,1.8067,24.288333333333338,osrm_walking,復華里,永康區
67000310024,23.00296862027708,120.2374647945722,林森圖書館,22.986591,120.223125,2.9452,39.47166666666667,osrm_walking,成功里,永康區
67000310018,23.02670502228498,120.27818309397722,永康區圖書館,23.018985,120.25988,2.6323000000000003,35.163333333333334,osrm_walking,新樹里,永康區
67000310033,23.024581353176096,120.2411756484336,市圖總館（新總館）,23.024401,120.238004,0.4258,5.711666666666667,osrm_walking,東橋里,永康區
67000310013,22.99978081221763,120.26954011565635,永康區圖書館,23.018985,120.25988,2.8779,38.80333333333333,osrm_walking,東灣里,永康區
67000310038,23.029436233403747,120.25188262395469,永康區圖書館,23.018985,120.25988,2.001,26.91166666666667,osrm_walking,正強里,永康區
67000310003,23.02320029839325,120.25822651361212,永康區圖書館,23.018985,120.25988,0.832,11.163333333333332,osrm_walking,永康里,永康區
67000310042,23.025162149642473,120.26608555723874,永康區圖書館,23.018985,120.25988,1.1710999999999998,15.676666666666668,osrm_walking,永明里,永康區
67000310007,23.0421884359409,120.26420312840706,永康區圖書館,23.018985,120.25988,3.1339,41.955000000000005,osrm_walking,烏竹里,永康區
67000310006,23.04271711752052,120.27579891407872,永康區圖書館,23.018985,120.25988,3.8077,50.97,osrm_walking,王行里,永康區
67000310011,23.02134379834869,120.21696908313494,市圖總館（公園總館）,23.004016,120.212445,2.3361,31.461666666666662,osrm_walking,甲頂里,永康區
67000310022,23.0052791450751,120.24167469101832,市圖總館（新總館）,23.024401,120.238004,2.8774,38.559999999999995,osrm_walking,神洲里,永康區
67000310002,23.015455973842467,120.25319039886487,永康區圖書館,23.018985,120.25988,1.051,14.146666666666668,osrm_walking,網寮里,永康區
67000310008,23.04617264076125,120.25576622311098,永康區圖書館,23.018985,120.25988,3.7438,50.115,osrm_walking,蔦松里,永康區
67000310023,23.016414076017924,120.27865694998188,永康區圖書館,23.018985,120.25988,2.4155,32.305,osrm_walking,西勢里,永康區
67000310035,23.015658305764152,120.22533518151155,市圖總館（新總館）,23.024401,120.238004,1.8327,24.706666666666667,osrm_walking,西橋里,永康區
67000310014,23.01123639446419,120.2601994130492,永康區圖書館,23.018985,120.25988,1.0509000000000002,14.18,osrm_walking,西灣里,永康區
67000310041,23.03774231306818,120.2598806827689,永康區圖書館,23.018985,120.25988,2.6704,35.74,osrm_walking,龍埔里,永康區
67000310027,23.033344868845635,120.2657785618684,永康區圖書館,23.018985,120.25988,2.1752,29.131666666666668,osrm_walking,龍潭里,永康區
67000230007,23.093163250728132,120.46719567760483,玉井區圖書館,23.123307,120.468898,5.1878,69.475,osrm_walking,三和里,玉井區
67000230006,23.096502908720897,120.4941090699022,玉井區圖書館,23.123307,120.468898,6.5679,87.65166666666667,osrm_walking,三埔里,玉井區
67000230003,23.146710239062593,120.464553730234,玉井區圖書館,23.123307,120.468898,2.9482,39.416666666666664,osrm_walking,中正里,玉井區
67000230009,23.08311942940484,120.42968543334192,左鎮區圖書館,23.056394,120.408727,5.4849,73.16333333333334,osrm_walking,層林里,玉井區
67000230008,23.10310837484292,120.44290797592632,玉井區圖書館,23.123307,120.468898,5.7951999999999995,77.575,osrm_walking,望明里,玉井區
67000230005,23.11344969924262,120.49543694242398,玉井區圖書館,23.123307,120.468898,4.7933,63.945,osrm_walking,沙田里,玉井區
67000230001,23.120605534499756,120.45433839890968,玉井區圖書館,23.123307,120.468898,1.669,22.49,osrm_walking,玉井里,玉井區
67000230002,23.12114320727707,120.46679316728306,玉井區圖書館,23.123307,120.468898,0.5255,7.043333333333334,osrm_walking,玉田里,玉井區
67000230004,23.13164410681456,120.4781328565396,玉井區圖書館,23.123307,120.468898,2.1445,28.788333333333338,osrm_walking,竹圍里,玉井區
67000230010,23.149507572607032,120.44728489053315,玉井區圖書館,23.123307,120.468898,5.8626000000000005,78.47166666666666,osrm_walking,豐里里,玉井區
67000030011,23.34646684370904,120.48614575210534,白河區圖書館,23.353425,120.414315,10.0871,134.76666666666668,osrm_walking,仙草里,白河區
67000030022,23.402097713099547,120.44540634057876,白河區圖書館,23.353425,120.414315,7.4513,99.545,osrm_walking,內角里,白河區
67000030010,23.313346161587003,120.46025621740606,東山區圖書館,23.326158,120.404169,8.6622,115.57,osrm_walking,六溪里,白河區
67000030003,23.34955107502769,120.42539769611912,白河區圖書館,23.353425,120.414315,1.6497,22.06,osrm_walking,外角里,白河區
67000030008,23.335551748134034,120.45364266802092,白河區圖書館,23.353425,120.414315,6.4703,86.475,osrm_walking,大林里,白河區
67000030014,23.365052532351555,120.4063892237908,白河區圖書館,23.353425,120.414315,1.6588,22.148333333333333,osrm_walking,大竹里,白河區
67000030009,23.32839263165596,120.42823360733875,東山區圖書館,23.326158,120.404169,3.5144,46.92166666666667,osrm_walking,崁頭里,白河區
67000030019,23.379878224557363,120.47438039312046,白河區圖書館,23.353425,120.414315,7.9542,106.29166666666669,osrm_walking,崎內里,白河區
67000030004,23.356879877490652,120.42724735618064,白河區圖書館,23.353425,120.414315,1.67,22.331666666666667,osrm_walking,庄內里,白河區
67000030026,23.39882227490667,120.40111186641528,後壁區圖書館,23.366219,120.362289,6.3637,84.88666666666667,osrm_walking,廣蓮里,白河區
67000030020,23.36701147176198,120.43433040419109,白河區圖書館,23.353425,120.414315,2.9628,39.63666666666666,osrm_walking,昇安里,白河區
67000030002,23.34605775528569,120.40722134416843,白河區圖書館,23.353425,120.414315,1.2708,17.11,osrm_walking,永安里,白河區
67000030021,23.36611769173498,120.4549520855315,白河區圖書館,23.353425,120.414315,4.9458,66.01333333333334,osrm_walking,汴頭里,白河區
67000030006,23.343492958525204,120.42899306286982,白河區圖書館,23.353425,120.414315,2.7399,36.73,osrm_walking,河東里,白河區
67000030001,23.343602431545673,120.41404449322717,白河區圖書館,23.353425,120.414315,1.2029,16.236666666666668,osrm_walking,白河里,白河區
67000030005,23.35058968406239,120.3968226287753,白河區圖書館,23.353425,120.414315,2.2635,30.21833333333333,osrm_walking,秀祐里,白河區
67000030018,23.37688374484927,120.44451868155056,白河區圖書館,23.353425,120.414315,4.4671,59.73,osrm_walking,竹門里,白河區
67000030007,23.35299592217867,120.45553453294264,白河區圖書館,23.353425,120.414315,5.9141,79.055,osrm_walking,虎山里,白河區
67000030025,23.385589843163523,120.4156258293335,白河區圖書館,23.353425,120.414315,4.4063,58.818333333333335,osrm_walking,詔豐里,白河區
67000030012,23.31765744170579,120.50712991146716,白河區圖書館,23.353425,120.414315,15.543,207.45833333333337,osrm_walking,關嶺里,白河區
67000030027,23.391301591088578,120.43375821360657,白河區圖書館,23.353425,120.414315,5.2409,70.07666666666667,osrm_walking,馬稠後里,白河區
67000140004,23.134608465735052,120.230068000763,西港區圖書館,23.123446,120.203326,3.7358,49.85,osrm_walking,[檨]林里,西港區
67000140008,23.12766363718267,120.1788863182921,西港區圖書館,23.123446,120.203326,2.7088,36.21666666666667,osrm_walking,劉厝里,西港區
67000140002,23.110518982673515,120.19429100963627,西港區圖書館,23.123446,120.203326,2.1395999999999997,28.698333333333338,osrm_walking,南海里,西港區
67000140005,23.14219317341581,120.21997419929411,西港區圖書館,23.123446,120.203326,3.1778000000000004,42.473333333333336,osrm_walking,後營里,西港區
67000140012,23.127141712149022,120.199176630265,西港區圖書館,23.123446,120.203326,0.7446,9.995,osrm_walking,慶安里,西港區
67000140011,23.091103127305743,120.1874479359106,西港區圖書館,23.123446,120.203326,5.2871999999999995,70.66499999999999,osrm_walking,新復里,西港區
67000140010,23.103182799637196,120.1811474296089,西港區圖書館,23.123446,120.203326,3.9257,52.51166666666666,osrm_walking,永樂里,西港區
67000140003,23.123003548965865,120.21607696529372,西港區圖書館,23.123446,120.203326,1.8259,24.511666666666667,osrm_walking,港東里,西港區
67000140006,23.14090771860782,120.20670812308404,西港區圖書館,23.123446,120.203326,2.7073,36.1,osrm_walking,營西里,西港區
67000140009,23.12292401270067,120.18796899788208,西港區圖書館,23.123446,120.203326,1.9243,25.758333333333333,osrm_walking,竹林里,西港區
67000140001,23.123897896882237,120.2059666665859,西港區圖書館,23.123446,120.203326,0.422,5.693333333333333,osrm_walking,西港里,西港區
67000140007,23.1538236785186,120.20419758284513,佳里區圖書館,23.168818,120.177358,4.058,54.24166666666667,osrm_walking,金砂里,西港區
67000290017,22.982379002492557,120.31988017025944,關廟區圖書館,22.960055,120.324203,3.4573,46.30166666666666,osrm_walking,下湖里,關廟區
67000290007,22.947923334745973,120.331176083385,關廟區圖書館,22.960055,120.324203,1.8899,25.298333333333336,osrm_walking,五甲里,關廟區
67000290004,22.96991520300981,120.33649842556846,關廟區圖書館,22.960055,120.324203,2.3827,31.971666666666668,osrm_walking,北勢里,關廟區
67000290016,23.000531179716056,120.31463175041468,歸仁區圖書館,22.971948,120.297439,4.5367,61.615,osrm_walking,埤頭里,關廟區
67000290002,22.96628490823562,120.32207591391813,關廟區圖書館,22.960055,120.324203,1.2798,17.236666666666668,osrm_walking,山西里,關廟區
67000290013,22.91165893630306,120.33753435763568,關廟區圖書館,22.960055,120.324203,7.7055,103.505,osrm_walking,布袋里,關廟區
67000290006,22.979419897845347,120.35607806218268,龍崎區圖書館,22.964715,120.359274,2.8846,38.455000000000005,osrm_walking,新光里,關廟區
67000290005,22.973625816404393,120.33050503049188,關廟區圖書館,22.960055,120.324203,1.9284,25.913333333333338,osrm_walking,新埔里,關廟區
67000290008,22.95111853280279,120.34155753306588,關廟區圖書館,22.960055,120.324203,2.4929,33.235,osrm_walking,東勢里,關廟區
67000290009,22.957804330765363,120.34330775268614,關廟區圖書館,22.960055,120.324203,2.301,30.71333333333333,osrm_walking,松腳里,關廟區
67000290012,22.93366071281309,120.33638704763833,關廟區圖書館,22.960055,120.324203,3.8138,50.985,osrm_walking,深坑里,關廟區
67000290018,22.965944518712018,120.345207700514,龍崎區圖書館,22.964715,120.359274,2.2245999999999997,29.756666666666668,osrm_walking,花園里,關廟區
67000290001,22.95809112148112,120.32095997263532,關廟區圖書館,22.960055,120.324203,0.6894,9.193333333333332,osrm_walking,關廟里,關廟區
67000290003,22.9603045164575,120.32955755844434,關廟區圖書館,22.960055,120.324203,0.7348,9.968333333333334,osrm_walking,香洋里,關廟區
67000290020,22.89904296619307,120.35083403630176,關廟區圖書館,22.960055,120.324203,9.9908,133.975,osrm_walking,龜洞里,關廟區
67000020032,23.271289822275975,120.21250382993436,學甲區圖書館,23.230277,120.181923,6.6541999999999994,88.98833333333333,osrm_walking,三和里,鹽水區
67000020028,23.29662366519345,120.25703432318672,新營區圖書館,23.2952,120.273886,2.4156999999999997,32.24333333333333,osrm_walking,三明里,鹽水區
67000020033,23.252218337915256,120.24617679501308,下營區圖書館,23.235261,120.264393,3.0995999999999997,41.42666666666666,osrm_walking,坔頭港里,鹽水區
67000020011,23.33086765805039,120.2683523591487,鹽水區圖書館,23.316355,120.2664,2.2116,29.583333333333332,osrm_walking,岸內里,鹽水區
67000020030,23.301097815875167,120.23633457962173,鹽水區圖書館,23.316355,120.2664,4.0167,53.65833333333333,osrm_walking,文昌里,鹽水區
67000020027,23.3202398326906,120.2655394266011,鹽水區圖書館,23.316355,120.2664,0.5159,6.9399999999999995,osrm_walking,月港里,鹽水區
67000020008,23.31142588095569,120.26802275610444,鹽水區圖書館,23.316355,120.2664,0.9653,12.97,osrm_walking,橋南里,鹽水區
67000020014,23.2856499632569,120.23689277242656,新營區圖書館,23.2952,120.273886,4.8215,64.32,osrm_walking,歡雅里,鹽水區
67000020001,23.325711086583237,120.2828735347749,鹽水區圖書館,23.316355,120.2664,2.5402,33.96666666666667,osrm_walking,水秀里,鹽水區
67000020010,23.34373191431076,120.28229384824596,鹽水區圖書館,23.316355,120.2664,4.9963,66.91666666666667,osrm_walking,汫水里,鹽水區
67000020026,23.32122245621203,120.26871813904891,鹽水區圖書館,23.316355,120.2664,0.6265,8.455,osrm_walking,津城里,鹽水區
67000020031,23.265903694524944,120.23903015853809,下營區圖書館,23.235261,120.264393,4.8873,65.25666666666667,osrm_walking,竹林里,鹽水區
67000020029,23.319260173922988,120.24459560501828,鹽水區圖書館,23.316355,120.2664,3.2451999999999996,43.263333333333335,osrm_walking,義中里,鹽水區
67000070006,23.179599202917515,120.24596505469437,麻豆區圖書館,23.182663,120.248463,0.5164,6.916666666666667,osrm_walking,中興里,麻豆區
67000070032,23.16624138223968,120.25099892145576,麻豆區圖書館,23.182663,120.248463,2.4741999999999997,33.163333333333334,osrm_walking,井東里,麻豆區
67000070010,23.20685085812798,120.24126995745272,麻豆區圖書館,23.182663,120.248463,3.1488,42.18,osrm_walking,北勢里,麻豆區
67000070014,23.190557476708182,120.2639653979542,麻豆區圖書館,23.182663,120.248463,2.2361,29.94333333333333,osrm_walking,南勢里,麻豆區
67000070017,23.19342843190917,120.22989940881978,麻豆區圖書館,23.182663,120.248463,2.6389,35.41833333333333,osrm_walking,埤頭里,麻豆區
67000070011,23.187338533001498,120.24970178080024,麻豆區圖書館,23.182663,120.248463,0.5865,7.918333333333334,osrm_walking,大埕里,麻豆區
67000070024,23.15238335226057,120.25058757837182,麻豆區圖書館,23.182663,120.248463,3.7951,50.77166666666667,osrm_walking,安業里,麻豆區
67000070028,23.16227028035578,120.22843763790463,麻豆區圖書館,23.182663,120.248463,3.9222,52.47,osrm_walking,安正里,麻豆區
67000070015,23.188432980026537,120.280787448003,麻豆區圖書館,23.182663,120.248463,4.1177,55.005,osrm_walking,寮廍里,麻豆區
67000070005,23.17869118018977,120.25020561600932,麻豆區圖書館,23.182663,120.248463,0.6922999999999999,9.3,osrm_walking,巷口里,麻豆區
67000070030,23.18440287761944,120.24247191336254,麻豆區圖書館,23.182663,120.248463,0.7991,10.82,osrm_walking,新興里,麻豆區
67000070004,23.18078780385745,120.2525730121554,麻豆區圖書館,23.182663,120.248463,0.6738,9.013333333333332,osrm_walking,晋江里,麻豆區
67000070003,23.18360552592407,120.25617868615878,麻豆區圖書館,23.182663,120.248463,0.9806,13.206666666666669,osrm_walking,東角里,麻豆區
67000070009,23.19022631570644,120.24113618280477,麻豆區圖書館,23.182663,120.248463,1.5213,20.413333333333338,osrm_walking,油車里,麻豆區
67000070019,23.19874289660896,120.21556413825228,麻豆區圖書館,23.182663,120.248463,4.5538,60.975,osrm_walking,海埔里,麻豆區
67000070033,23.17387649723191,120.26408178800904,麻豆區圖書館,23.182663,120.248463,2.6731,35.666666666666664,osrm_walking,清水里,麻豆區
67000070021,23.21065552089953,120.20884898803143,學甲區圖書館,23.230277,120.181923,4.8375,64.67,osrm_walking,港尾里,麻豆區
67000070007,23.178390350308653,120.23991337486774,麻豆區圖書館,23.182663,120.248463,1.3916,18.683333333333337,osrm_walking,興農里,麻豆區
67000070031,23.143210152601835,120.24178281814906,麻豆區圖書館,23.182663,120.248463,5.0248,67.16666666666667,osrm_walking,謝厝寮里,麻豆區
67000070022,23.178229407722448,120.2216307390881,麻豆區圖書館,23.182663,120.248463,3.6021,48.36,osrm_walking,麻口里,麻豆區
67000300003,22.948553293722007,120.3624246921296,龍崎區圖書館,22.964715,120.359274,3.6335,48.47666666666667,osrm_walking,中坑里,龍崎區
67000300002,22.99323623868039,120.38131729776045,龍崎區圖書館,22.964715,120.359274,5.748399999999999,76.63166666666666,osrm_walking,土崎里,龍崎區
67000300006,22.93139739667382,120.38742820567572,龍崎區圖書館,22.964715,120.359274,6.0146999999999995,80.22833333333332,osrm_walking,大坪里,龍崎區
67000300001,22.968627647492575,120.38307960577436,龍崎區圖書館,22.964715,120.359274,3.4612,46.22166666666667,osrm_walking,崎頂里,龍崎區
67000300004,22.927118169985317,120.366363689677,龍崎區圖書館,22.964715,120.359274,6.757,90.11833333333334,osrm_walking,楠坑里,龍崎區
67000300005,22.92900543535346,120.41252546647924,龍崎區圖書館,22.964715,120.359274,9.1029,121.46166666666666,osrm_walking,牛埔里,龍崎區
67000300008,22.95696598982553,120.4083246712407,龍崎區圖書館,22.964715,120.359274,6.6907,89.29333333333334,osrm_walking,石[曹]里,龍崎區
67000300007,22.94717733317685,120.41917889923803,龍崎區圖書館,22.964715,120.359274,7.446,99.36166666666666,osrm_walking,龍船里,龍崎區
